{"v":"5.7.3","fr":60,"ip":0,"op":241,"w":1080,"h":1080,"nm":"Customer support Lady","ddd":0,"assets":[],"layers":[{"ddd":0,"ind":4,"ty":4,"nm":"line 1","sr":1,"ks":{"o":{"a":0,"k":100,"ix":11},"r":{"a":0,"k":0,"ix":10},"p":{"a":0,"k":[451.565,626.968,0],"ix":2},"a":{"a":0,"k":[-0.247,16.319,0],"ix":1},"s":{"a":1,"k":[{"i":{"x":[0.256,0.667,0.667],"y":[1,1,1]},"o":{"x":[0.333,0.333,0.333],"y":[0,0,0]},"t":20,"s":[0,100,100]},{"i":{"x":[0,0.667,0.667],"y":[1,1,1]},"o":{"x":[0.333,0.333,0.333],"y":[0,0,0]},"t":50.234,"s":[110,100,100]},{"i":{"x":[0,0.667,0.667],"y":[1,1,1]},"o":{"x":[0.167,0.167,0.167],"y":[0,0,0]},"t":77,"s":[100,100,100]},{"i":{"x":[0.667,0.667,0.667],"y":[1,1,1]},"o":{"x":[0.55,0.167,0.167],"y":[0,0,0]},"t":202,"s":[100,100,100]},{"t":239,"s":[0,100,100]}],"ix":6}},"ao":0,"shapes":[{"ty":"gr","it":[{"ind":0,"ty":"sh","ix":1,"ks":{"a":0,"k":{"i":[[0,0],[0,0],[0,0],[0,0]],"o":[[0,0],[0,0],[0,0],[0,0]],"v":[[101.298,14.827],[-101.298,14.827],[-101.298,-14.827],[101.298,-14.827]],"c":true},"ix":2},"nm":"Path 1","mn":"ADBE Vector Shape - Group","hd":false},{"ty":"fl","c":{"a":0,"k":[0.654999976065,0.588000009574,1,1],"ix":4},"o":{"a":0,"k":100,"ix":5},"r":1,"bm":0,"nm":"Fill 1","mn":"ADBE Vector Graphic - Fill","hd":false},{"ty":"tr","p":{"a":0,"k":[101.548,15.077],"ix":2},"a":{"a":0,"k":[0,0],"ix":1},"s":{"a":0,"k":[100,100],"ix":3},"r":{"a":0,"k":0,"ix":6},"o":{"a":0,"k":100,"ix":7},"sk":{"a":0,"k":0,"ix":4},"sa":{"a":0,"k":0,"ix":5},"nm":"Transform"}],"nm":"Group 3","np":2,"cix":2,"bm":0,"ix":1,"mn":"ADBE Vector Group","hd":false}],"ip":20,"op":300,"st":0,"bm":0},{"ddd":0,"ind":5,"ty":4,"nm":"line 2","sr":1,"ks":{"o":{"a":0,"k":100,"ix":11},"r":{"a":0,"k":0,"ix":10},"p":{"a":0,"k":[451.565,687.717,0],"ix":2},"a":{"a":0,"k":[-0.247,77.069,0],"ix":1},"s":{"a":1,"k":[{"i":{"x":[0.256,0.667,0.667],"y":[1,1,1]},"o":{"x":[0.333,0.333,0.333],"y":[0,0,0]},"t":24,"s":[0,100,100]},{"i":{"x":[0,0.667,0.667],"y":[1,1,1]},"o":{"x":[0.333,0.333,0.333],"y":[0,0,0]},"t":54.234,"s":[110,100,100]},{"i":{"x":[0,0.667,0.667],"y":[1,1,1]},"o":{"x":[0.167,0.167,0.167],"y":[0,0,0]},"t":81,"s":[100,100,100]},{"i":{"x":[0.667,0.667,0.667],"y":[1,1,1]},"o":{"x":[0.55,0.167,0.167],"y":[0,0,0]},"t":189,"s":[100,100,100]},{"t":226,"s":[0,100,100]}],"ix":6}},"ao":0,"shapes":[{"ty":"gr","it":[{"ind":0,"ty":"sh","ix":1,"ks":{"a":0,"k":{"i":[[0,0],[0,0],[0,0],[0,0]],"o":[[0,0],[0,0],[0,0],[0,0]],"v":[[101.298,14.827],[-101.298,14.827],[-101.298,-14.827],[101.298,-14.827]],"c":true},"ix":2},"nm":"Path 1","mn":"ADBE Vector Shape - Group","hd":false},{"ty":"fl","c":{"a":0,"k":[0.98431372549,0.629552145565,0.011580160552,1],"ix":4},"o":{"a":0,"k":100,"ix":5},"r":1,"bm":0,"nm":"Fill 1","mn":"ADBE Vector Graphic - Fill","hd":false},{"ty":"tr","p":{"a":0,"k":[101.548,77.069],"ix":2},"a":{"a":0,"k":[0,0],"ix":1},"s":{"a":0,"k":[100,100],"ix":3},"r":{"a":0,"k":0,"ix":6},"o":{"a":0,"k":100,"ix":7},"sk":{"a":0,"k":0,"ix":4},"sa":{"a":0,"k":0,"ix":5},"nm":"Transform"}],"nm":"Group 2","np":2,"cix":2,"bm":0,"ix":1,"mn":"ADBE Vector Group","hd":false}],"ip":20,"op":300,"st":0,"bm":0},{"ddd":0,"ind":7,"ty":4,"nm":"line 3","sr":1,"ks":{"o":{"a":0,"k":100,"ix":11},"r":{"a":0,"k":0,"ix":10},"p":{"a":0,"k":[451.565,749.709,0],"ix":2},"a":{"a":0,"k":[-0.247,139.06,0],"ix":1},"s":{"a":1,"k":[{"i":{"x":[0.256,0.667,0.667],"y":[1,1,1]},"o":{"x":[0.333,0.333,0.333],"y":[0,0,0]},"t":30,"s":[0,100,100]},{"i":{"x":[0,0.667,0.667],"y":[1,1,1]},"o":{"x":[0.333,0.333,0.333],"y":[0,0,0]},"t":60.234,"s":[110,100,100]},{"i":{"x":[0,0.667,0.667],"y":[1,1,1]},"o":{"x":[0.167,0.167,0.167],"y":[0,0,0]},"t":87,"s":[100,100,100]},{"i":{"x":[0.667,0.667,0.667],"y":[1,1,1]},"o":{"x":[0.55,0.167,0.167],"y":[0,0,0]},"t":176,"s":[100,100,100]},{"t":213,"s":[0,100,100]}],"ix":6}},"ao":0,"shapes":[{"ty":"gr","it":[{"ind":0,"ty":"sh","ix":1,"ks":{"a":0,"k":{"i":[[0,0],[0,0],[0,0],[0,0]],"o":[[0,0],[0,0],[0,0],[0,0]],"v":[[66.867,14.826],[-66.867,14.826],[-66.867,-14.826],[66.867,-14.826]],"c":true},"ix":2},"nm":"Path 1","mn":"ADBE Vector Shape - Group","hd":false},{"ty":"fl","c":{"a":0,"k":[0.963398652918,0.35147525563,0.154899372774,1],"ix":4},"o":{"a":0,"k":100,"ix":5},"r":1,"bm":0,"nm":"Fill 1","mn":"ADBE Vector Graphic - Fill","hd":false},{"ty":"tr","p":{"a":0,"k":[67.118,139.06],"ix":2},"a":{"a":0,"k":[0,0],"ix":1},"s":{"a":0,"k":[100,100],"ix":3},"r":{"a":0,"k":0,"ix":6},"o":{"a":0,"k":100,"ix":7},"sk":{"a":0,"k":0,"ix":4},"sa":{"a":0,"k":0,"ix":5},"nm":"Transform"}],"nm":"Group 1","np":2,"cix":2,"bm":0,"ix":1,"mn":"ADBE Vector Group","hd":false}],"ip":20,"op":300,"st":0,"bm":0},{"ddd":0,"ind":8,"ty":4,"nm":"Squre","sr":1,"ks":{"o":{"a":0,"k":100,"ix":11},"r":{"a":0,"k":0,"ix":10},"p":{"a":0,"k":[549.8,676.794,0],"ix":2},"a":{"a":0,"k":[130.609,108.106,0],"ix":1},"s":{"a":0,"k":[100,100,100],"ix":6}},"ao":0,"shapes":[{"ty":"gr","it":[{"ind":0,"ty":"sh","ix":1,"ks":{"a":0,"k":{"i":[[0,0],[0,0],[0,0],[0,0]],"o":[[0,0],[0,0],[0,0],[0,0]],"v":[[130.409,131.856],[-130.308,131.856],[-130.359,-107.856],[130.359,-107.856]],"c":true},"ix":2},"nm":"Path 1","mn":"ADBE Vector Shape - Group","hd":false},{"ty":"fl","c":{"a":0,"k":[0.811764705882,0.811764705882,0.811764705882,1],"ix":4},"o":{"a":0,"k":100,"ix":5},"r":1,"bm":0,"nm":"Fill 1","mn":"ADBE Vector Graphic - Fill","hd":false},{"ty":"tr","p":{"a":0,"k":[130.609,108.106],"ix":2},"a":{"a":0,"k":[0,0],"ix":1},"s":{"a":0,"k":[100,100],"ix":3},"r":{"a":0,"k":0,"ix":6},"o":{"a":0,"k":100,"ix":7},"sk":{"a":0,"k":0,"ix":4},"sa":{"a":0,"k":0,"ix":5},"nm":"Transform"}],"nm":"Group 1","np":2,"cix":2,"bm":0,"ix":1,"mn":"ADBE Vector Group","hd":false}],"ip":0,"op":300,"st":0,"bm":0},{"ddd":0,"ind":10,"ty":4,"nm":"Lips","parent":13,"sr":1,"ks":{"o":{"a":0,"k":100,"ix":11},"r":{"a":0,"k":0,"ix":10},"p":{"a":0,"k":[151.179,130.419,0],"ix":2},"a":{"a":0,"k":[10.772,3.748,0],"ix":1},"s":{"a":0,"k":[129,131,100],"ix":6}},"ao":0,"shapes":[{"ty":"gr","it":[{"ind":0,"ty":"sh","ix":1,"ks":{"a":0,"k":{"i":[[2.157,3.309],[-2.841,0],[0,0],[-2.045,0],[0,0],[8.396,0]],"o":[[0,0],[3.023,0],[0,0],[2.804,0],[0,0],[-2.381,0]],"v":[[-10.522,-0.744],[-3.281,-3.497],[0.857,-1.966],[4.523,-3.248],[10.522,-0.377],[0.172,3.497]],"c":true},"ix":2},"nm":"Path 1","mn":"ADBE Vector Shape - Group","hd":false},{"ty":"fl","c":{"a":0,"k":[0.987999949736,0.356999984442,0.325,1],"ix":4},"o":{"a":0,"k":100,"ix":5},"r":1,"bm":0,"nm":"Fill 1","mn":"ADBE Vector Graphic - Fill","hd":false},{"ty":"tr","p":{"a":0,"k":[10.772,3.748],"ix":2},"a":{"a":0,"k":[0,0],"ix":1},"s":{"a":0,"k":[100,100],"ix":3},"r":{"a":0,"k":0,"ix":6},"o":{"a":0,"k":100,"ix":7},"sk":{"a":0,"k":0,"ix":4},"sa":{"a":0,"k":0,"ix":5},"nm":"Transform"}],"nm":"Group 1","np":2,"cix":2,"bm":0,"ix":1,"mn":"ADBE Vector Group","hd":false}],"ip":0,"op":300,"st":0,"bm":0},{"ddd":0,"ind":11,"ty":4,"nm":"Left eye","parent":13,"sr":1,"ks":{"o":{"a":0,"k":100,"ix":11},"r":{"a":0,"k":0,"ix":10},"p":{"a":0,"k":[136.949,96.907,0],"ix":2},"a":{"a":0,"k":[4.158,7.254,0],"ix":1},"s":{"a":0,"k":[100,100,100],"ix":6}},"ao":0,"shapes":[{"ty":"gr","it":[{"ind":0,"ty":"sh","ix":1,"ks":{"a":0,"k":{"i":[[0.095,-3.839],[2.105,0.052],[-0.095,3.838],[-2.105,-0.052]],"o":[[-0.095,3.839],[-2.106,-0.052],[0.096,-3.84],[2.106,0.052]],"v":[[3.813,0.094],[-0.171,6.952],[-3.812,-0.094],[0.171,-6.952]],"c":true},"ix":2},"nm":"Path 1","mn":"ADBE Vector Shape - Group","hd":false},{"ty":"fl","c":{"a":0,"k":[0.176000004189,0.176000004189,0.176000004189,1],"ix":4},"o":{"a":0,"k":100,"ix":5},"r":1,"bm":0,"nm":"Fill 1","mn":"ADBE Vector Graphic - Fill","hd":false},{"ty":"tr","p":{"a":0,"k":[4.157,7.254],"ix":2},"a":{"a":0,"k":[0,0],"ix":1},"s":{"a":0,"k":[100,100],"ix":3},"r":{"a":0,"k":0,"ix":6},"o":{"a":0,"k":100,"ix":7},"sk":{"a":0,"k":0,"ix":4},"sa":{"a":0,"k":0,"ix":5},"nm":"Transform"}],"nm":"Group 1","np":2,"cix":2,"bm":0,"ix":1,"mn":"ADBE Vector Group","hd":false}],"ip":0,"op":300,"st":0,"bm":0},{"ddd":0,"ind":12,"ty":4,"nm":"Right eye","parent":13,"sr":1,"ks":{"o":{"a":0,"k":100,"ix":11},"r":{"a":0,"k":0,"ix":10},"p":{"a":0,"k":[166.855,97.647,0],"ix":2},"a":{"a":0,"k":[4.158,7.254,0],"ix":1},"s":{"a":0,"k":[100,100,100],"ix":6}},"ao":0,"shapes":[{"ty":"gr","it":[{"ind":0,"ty":"sh","ix":1,"ks":{"a":0,"k":{"i":[[0.095,-3.839],[2.105,0.052],[-0.096,3.839],[-2.105,-0.052]],"o":[[-0.096,3.839],[-2.106,-0.052],[0.095,-3.839],[2.106,0.052]],"v":[[3.813,0.094],[-0.171,6.952],[-3.811,-0.095],[0.171,-6.952]],"c":true},"ix":2},"nm":"Path 1","mn":"ADBE Vector Shape - Group","hd":false},{"ty":"fl","c":{"a":0,"k":[0.176000004189,0.176000004189,0.176000004189,1],"ix":4},"o":{"a":0,"k":100,"ix":5},"r":1,"bm":0,"nm":"Fill 1","mn":"ADBE Vector Graphic - Fill","hd":false},{"ty":"tr","p":{"a":0,"k":[4.157,7.254],"ix":2},"a":{"a":0,"k":[0,0],"ix":1},"s":{"a":0,"k":[100,100],"ix":3},"r":{"a":0,"k":0,"ix":6},"o":{"a":0,"k":100,"ix":7},"sk":{"a":0,"k":0,"ix":4},"sa":{"a":0,"k":0,"ix":5},"nm":"Transform"}],"nm":"Group 1","np":2,"cix":2,"bm":0,"ix":1,"mn":"ADBE Vector Group","hd":false}],"ip":0,"op":300,"st":0,"bm":0},{"ddd":0,"ind":13,"ty":4,"nm":"Body","sr":1,"ks":{"o":{"a":0,"k":100,"ix":11},"r":{"a":0,"k":0,"ix":10},"p":{"a":1,"k":[{"i":{"x":0.298,"y":1},"o":{"x":0.333,"y":0},"t":11,"s":[549.826,802.754,0],"to":[0,-17.5,0],"ti":[0,17.5,0]},{"i":{"x":0.298,"y":0.298},"o":{"x":0.333,"y":0.333},"t":71,"s":[549.826,697.754,0],"to":[0,0,0],"ti":[0,0,0]},{"i":{"x":0.667,"y":1},"o":{"x":0.714,"y":0},"t":173,"s":[549.826,697.754,0],"to":[0,17.5,0],"ti":[0,-17.5,0]},{"t":221,"s":[549.826,802.754,0]}],"ix":2},"a":{"a":0,"k":[156.432,436.983,0],"ix":1},"s":{"a":1,"k":[{"i":{"x":[0.298,0.298,0.667],"y":[1,1,1]},"o":{"x":[0.333,0.333,0.333],"y":[0,0,0]},"t":11,"s":[54,54,100]},{"i":{"x":[0.833,0.833,0.833],"y":[1,1,1]},"o":{"x":[0.333,0.333,0.333],"y":[0,0,0]},"t":71,"s":[100,100,100]},{"i":{"x":[0.667,0.667,0.667],"y":[1,1,1]},"o":{"x":[0.547,0.547,0.167],"y":[0,0,0]},"t":173,"s":[100,100,100]},{"t":221,"s":[54,54,100]}],"ix":6}},"ao":0,"shapes":[{"ty":"gr","it":[{"ind":0,"ty":"sh","ix":1,"ks":{"a":0,"k":{"i":[[0,0],[8.161,-2.689],[0,0],[0,0],[0,0]],"o":[[0,0],[-1.812,3.757],[0,0],[0,0],[0,0]],"v":[[2.294,-52.905],[-2.513,45.215],[-6.694,52.905],[4.91,45.341],[6.694,18.007]],"c":true},"ix":2},"nm":"Path 1","mn":"ADBE Vector Shape - Group","hd":false},{"ty":"fl","c":{"a":0,"k":[0.677999997606,0.184000007779,0.769000004787,1],"ix":4},"o":{"a":0,"k":100,"ix":5},"r":1,"bm":0,"nm":"Fill 1","mn":"ADBE Vector Graphic - Fill","hd":false},{"ty":"tr","p":{"a":0,"k":[85.921,292.065],"ix":2},"a":{"a":0,"k":[0,0],"ix":1},"s":{"a":0,"k":[100,100],"ix":3},"r":{"a":0,"k":0,"ix":6},"o":{"a":0,"k":100,"ix":7},"sk":{"a":0,"k":0,"ix":4},"sa":{"a":0,"k":0,"ix":5},"nm":"Transform"}],"nm":"Group 1","np":2,"cix":2,"bm":0,"ix":1,"mn":"ADBE Vector Group","hd":false},{"ty":"gr","it":[{"ind":0,"ty":"sh","ix":1,"ks":{"a":0,"k":{"i":[[0,0],[-8.019,-3.089],[0,0],[0,0],[0,0]],"o":[[0,0],[1.624,3.843],[0,0],[0,0],[0,0]],"v":[[-9.235,-53.248],[5.68,45.359],[9.475,53.247],[-1.742,45.119],[-9.475,10.637]],"c":true},"ix":2},"nm":"Path 1","mn":"ADBE Vector Shape - Group","hd":false},{"ty":"fl","c":{"a":0,"k":[0.677999997606,0.184000007779,0.769000004787,1],"ix":4},"o":{"a":0,"k":100,"ix":5},"r":1,"bm":0,"nm":"Fill 1","mn":"ADBE Vector Graphic - Fill","hd":false},{"ty":"tr","p":{"a":0,"k":[221.352,295.473],"ix":2},"a":{"a":0,"k":[0,0],"ix":1},"s":{"a":0,"k":[100,100],"ix":3},"r":{"a":0,"k":0,"ix":6},"o":{"a":0,"k":100,"ix":7},"sk":{"a":0,"k":0,"ix":4},"sa":{"a":0,"k":0,"ix":5},"nm":"Transform"}],"nm":"Group 2","np":2,"cix":2,"bm":0,"ix":2,"mn":"ADBE Vector Group","hd":false},{"ty":"gr","it":[{"ind":0,"ty":"sh","ix":1,"ks":{"a":0,"k":{"i":[[-24.858,12.244],[17.348,-19.145],[0,0],[0,0],[0,0],[6.696,2.191],[0,0],[0,0],[-6.55,20.485]],"o":[[0,0],[0,0],[0,0],[0,0],[0,0],[-6.696,-2.191],[0,0],[0,0],[17.559,-14.281]],"v":[[47.232,-133.191],[20.929,133.191],[-35.96,113.56],[-17.887,92.407],[-4.892,42.777],[-18.051,44.478],[-47.232,30.643],[-31.405,-26.37],[-16.112,-94.95]],"c":true},"ix":2},"nm":"Path 1","mn":"ADBE Vector Shape - Group","hd":false},{"ty":"fl","c":{"a":0,"k":[0.987999949736,0.298000021542,0.579999976065,1],"ix":4},"o":{"a":0,"k":100,"ix":5},"r":1,"bm":0,"nm":"Fill 1","mn":"ADBE Vector Graphic - Fill","hd":false},{"ty":"tr","p":{"a":0,"k":[84.079,303.791],"ix":2},"a":{"a":0,"k":[0,0],"ix":1},"s":{"a":0,"k":[100,100],"ix":3},"r":{"a":0,"k":0,"ix":6},"o":{"a":0,"k":100,"ix":7},"sk":{"a":0,"k":0,"ix":4},"sa":{"a":0,"k":0,"ix":5},"nm":"Transform"}],"nm":"Group 3","np":2,"cix":2,"bm":0,"ix":3,"mn":"ADBE Vector Group","hd":false},{"ty":"gr","it":[{"ind":0,"ty":"sh","ix":1,"ks":{"a":0,"k":{"i":[[0,0],[12.631,1.646],[1.587,16.712],[3.891,10.934],[-6.811,-11.506],[0,0],[0,0],[8.616,2.214],[0,0]],"o":[[-2.666,-0.065],[0,0],[-1.588,-16.713],[0,0],[6.81,11.507],[0,0],[0,0],[-8.615,-2.214],[0,0]],"v":[[42.321,119.112],[-5.597,129.113],[-36.517,23.549],[-53.186,-130.759],[21.072,-93.741],[38.007,-31.699],[53.186,26.696],[14.424,40.148],[1.939,35.207]],"c":true},"ix":2},"nm":"Path 1","mn":"ADBE Vector Shape - Group","hd":false},{"ty":"fl","c":{"a":0,"k":[0.987999949736,0.298000021542,0.579999976065,1],"ix":4},"o":{"a":0,"k":100,"ix":5},"r":1,"bm":0,"nm":"Fill 1","mn":"ADBE Vector Graphic - Fill","hd":false},{"ty":"tr","p":{"a":0,"k":[225.093,305.625],"ix":2},"a":{"a":0,"k":[0,0],"ix":1},"s":{"a":0,"k":[100,100],"ix":3},"r":{"a":0,"k":0,"ix":6},"o":{"a":0,"k":100,"ix":7},"sk":{"a":0,"k":0,"ix":4},"sa":{"a":0,"k":0,"ix":5},"nm":"Transform"}],"nm":"Group 4","np":2,"cix":2,"bm":0,"ix":4,"mn":"ADBE Vector Group","hd":false},{"ty":"gr","it":[{"ind":0,"ty":"sh","ix":1,"ks":{"a":0,"k":{"i":[[0,0],[12.418,4.389],[-16.499,7.039]],"o":[[0,0],[0,0],[16.498,-7.039]],"v":[[9.942,-10.075],[-23.394,1.641],[6.896,3.036]],"c":true},"ix":2},"nm":"Path 1","mn":"ADBE Vector Shape - Group","hd":false},{"ty":"fl","c":{"a":0,"k":[0.952999997606,0.698000021542,0.275,1],"ix":4},"o":{"a":0,"k":100,"ix":5},"r":1,"bm":0,"nm":"Fill 1","mn":"ADBE Vector Graphic - Fill","hd":false},{"ty":"tr","p":{"a":0,"k":[187.24,287.323],"ix":2},"a":{"a":0,"k":[0,0],"ix":1},"s":{"a":0,"k":[100,100],"ix":3},"r":{"a":0,"k":0,"ix":6},"o":{"a":0,"k":100,"ix":7},"sk":{"a":0,"k":0,"ix":4},"sa":{"a":0,"k":0,"ix":5},"nm":"Transform"}],"nm":"Group 5","np":2,"cix":2,"bm":0,"ix":5,"mn":"ADBE Vector Group","hd":false},{"ty":"gr","it":[{"ind":0,"ty":"sh","ix":1,"ks":{"a":0,"k":{"i":[[0,0],[0,0],[0,0],[0,0],[-2.801,3.456]],"o":[[0,0],[0,0],[0,0],[0,0],[2.802,-3.456]],"v":[[-9.223,-42.368],[-10.381,-22.956],[-11.046,3.93],[-0.801,42.368],[8.243,38.389]],"c":true},"ix":2},"nm":"Path 1","mn":"ADBE Vector Shape - Group","hd":false},{"ty":"fl","c":{"a":0,"k":[0.952999997606,0.698000021542,0.275,1],"ix":4},"o":{"a":0,"k":100,"ix":5},"r":1,"bm":0,"nm":"Fill 1","mn":"ADBE Vector Graphic - Fill","hd":false},{"ty":"tr","p":{"a":0,"k":[194.42,334.901],"ix":2},"a":{"a":0,"k":[0,0],"ix":1},"s":{"a":0,"k":[100,100],"ix":3},"r":{"a":0,"k":0,"ix":6},"o":{"a":0,"k":100,"ix":7},"sk":{"a":0,"k":0,"ix":4},"sa":{"a":0,"k":0,"ix":5},"nm":"Transform"}],"nm":"Group 6","np":2,"cix":2,"bm":0,"ix":6,"mn":"ADBE Vector Group","hd":false},{"ty":"gr","it":[{"ind":0,"ty":"sh","ix":1,"ks":{"a":0,"k":{"i":[[0,0],[0,0],[0,0],[0,0],[2.893,3.38]],"o":[[0,0],[0,0],[0,0],[0,0],[-2.894,-3.379]],"v":[[3.119,-43.585],[6.759,-18.566],[9.108,21.847],[11.063,43.585],[-8.169,38.289]],"c":true},"ix":2},"nm":"Path 1","mn":"ADBE Vector Shape - Group","hd":false},{"ty":"fl","c":{"a":0,"k":[0.952999997606,0.698000021542,0.275,1],"ix":4},"o":{"a":0,"k":100,"ix":5},"r":1,"bm":0,"nm":"Fill 1","mn":"ADBE Vector Graphic - Fill","hd":false},{"ty":"tr","p":{"a":0,"k":[119.614,336.431],"ix":2},"a":{"a":0,"k":[0,0],"ix":1},"s":{"a":0,"k":[100,100],"ix":3},"r":{"a":0,"k":0,"ix":6},"o":{"a":0,"k":100,"ix":7},"sk":{"a":0,"k":0,"ix":4},"sa":{"a":0,"k":0,"ix":5},"nm":"Transform"}],"nm":"Group 7","np":2,"cix":2,"bm":0,"ix":7,"mn":"ADBE Vector Group","hd":false},{"ty":"gr","it":[{"ind":0,"ty":"sh","ix":1,"ks":{"a":0,"k":{"i":[[0,0],[-12.619,3.768],[16.13,7.847]],"o":[[0,0],[0,0],[-16.131,-7.846]],"v":[[-9.488,-10.546],[23.227,2.805],[-7.096,2.699]],"c":true},"ix":2},"nm":"Path 1","mn":"ADBE Vector Shape - Group","hd":false},{"ty":"fl","c":{"a":0,"k":[0.952999997606,0.698000021542,0.275,1],"ix":4},"o":{"a":0,"k":100,"ix":5},"r":1,"bm":0,"nm":"Fill 1","mn":"ADBE Vector Graphic - Fill","hd":false},{"ty":"tr","p":{"a":0,"k":[123.051,285.725],"ix":2},"a":{"a":0,"k":[0,0],"ix":1},"s":{"a":0,"k":[100,100],"ix":3},"r":{"a":0,"k":0,"ix":6},"o":{"a":0,"k":100,"ix":7},"sk":{"a":0,"k":0,"ix":4},"sa":{"a":0,"k":0,"ix":5},"nm":"Transform"}],"nm":"Group 8","np":2,"cix":2,"bm":0,"ix":8,"mn":"ADBE Vector Group","hd":false},{"ty":"gr","it":[{"ind":0,"ty":"sh","ix":1,"ks":{"a":0,"k":{"i":[[0,0],[1.514,10.709],[0,0],[0,0],[18.696,-36.884],[0,0],[57.555,25.73],[0,0],[0,0],[-2.634,1.713],[0,0],[-3.839,-12.544]],"o":[[0,0],[-1.514,-10.707],[0,0],[0,0],[0,0],[0,0],[0,0],[0,0],[0,0],[2.634,-1.713],[0,0],[3.84,12.543]],"v":[[-4.102,-58.219],[21.86,-90.656],[14.37,-108.61],[58.086,-84.319],[56.555,73.328],[46.667,89.681],[-55.729,87.147],[-68.807,60.742],[-75.251,-62.128],[-67.366,-87.532],[-26.226,-112.878],[-27.226,-86.43]],"c":true},"ix":2},"nm":"Path 1","mn":"ADBE Vector Shape - Group","hd":false},{"ty":"fl","c":{"a":0,"k":[0.987999949736,0.741000007181,0.325,1],"ix":4},"o":{"a":0,"k":100,"ix":5},"r":1,"bm":0,"nm":"Fill 1","mn":"ADBE Vector Graphic - Fill","hd":false},{"ty":"tr","p":{"a":0,"k":[157.536,283.477],"ix":2},"a":{"a":0,"k":[0,0],"ix":1},"s":{"a":0,"k":[100,100],"ix":3},"r":{"a":0,"k":0,"ix":6},"o":{"a":0,"k":100,"ix":7},"sk":{"a":0,"k":0,"ix":4},"sa":{"a":0,"k":0,"ix":5},"nm":"Transform"}],"nm":"Group 9","np":2,"cix":2,"bm":0,"ix":9,"mn":"ADBE Vector Group","hd":false},{"ty":"gr","it":[{"ind":0,"ty":"sh","ix":1,"ks":{"a":0,"k":{"i":[[0,0],[-0.466,1.457],[0.664,7.672],[13.394,6.566],[-1.916,-22.127],[2.976,-7.451],[0.353,4.085]],"o":[[-0.132,-1.524],[2.122,-6.627],[-1.6,-18.492],[17.314,3.526],[0.778,8.994],[-1.522,3.808],[0,0]],"v":[[5.236,30.504],[5.715,25.983],[10.67,8.269],[-17.077,-35.972],[16.299,7.139],[12.753,32.164],[5.289,31.108]],"c":true},"ix":2},"nm":"Path 1","mn":"ADBE Vector Shape - Group","hd":false},{"ty":"fl","c":{"a":0,"k":[1,1,1,1],"ix":4},"o":{"a":0,"k":100,"ix":5},"r":1,"bm":0,"nm":"Fill 1","mn":"ADBE Vector Graphic - Fill","hd":false},{"ty":"tr","p":{"a":0,"k":[190.955,76.281],"ix":2},"a":{"a":0,"k":[0,0],"ix":1},"s":{"a":0,"k":[100,100],"ix":3},"r":{"a":0,"k":0,"ix":6},"o":{"a":0,"k":100,"ix":7},"sk":{"a":0,"k":0,"ix":4},"sa":{"a":0,"k":0,"ix":5},"nm":"Transform"}],"nm":"Group 10","np":2,"cix":2,"bm":0,"ix":10,"mn":"ADBE Vector Group","hd":false},{"ty":"gr","it":[{"ind":0,"ty":"sh","ix":1,"ks":{"a":0,"k":{"i":[[0,-4.752],[1.741,-3.28],[0,4.799],[-2.264,3.215]],"o":[[0,4.752],[-2.264,-3.215],[0,-4.799],[1.741,3.28]],"v":[[3.225,0],[0.431,12.375],[-3.225,0],[0.431,-12.375]],"c":true},"ix":2},"nm":"Path 1","mn":"ADBE Vector Shape - Group","hd":false},{"ty":"fl","c":{"a":0,"k":[1,1,1,1],"ix":4},"o":{"a":0,"k":100,"ix":5},"r":1,"bm":0,"nm":"Fill 1","mn":"ADBE Vector Graphic - Fill","hd":false},{"ty":"tr","p":{"a":0,"k":[197.445,106.373],"ix":2},"a":{"a":0,"k":[0,0],"ix":1},"s":{"a":0,"k":[100,100],"ix":3},"r":{"a":0,"k":0,"ix":6},"o":{"a":0,"k":100,"ix":7},"sk":{"a":0,"k":0,"ix":4},"sa":{"a":0,"k":0,"ix":5},"nm":"Transform"}],"nm":"Group 11","np":2,"cix":2,"bm":0,"ix":11,"mn":"ADBE Vector Group","hd":false},{"ty":"gr","it":[{"ind":0,"ty":"sh","ix":1,"ks":{"a":0,"k":{"i":[[0,-4.752],[1.741,-3.28],[3.192,0],[-5.994,0],[-1.981,-3.746]],"o":[[0,4.752],[-1.981,3.747],[-5.994,0],[3.192,0],[1.741,3.28]],"v":[[8.416,0],[5.622,12.375],[-2.422,18.479],[-2.422,-18.479],[5.622,-12.375]],"c":true},"ix":2},"nm":"Path 1","mn":"ADBE Vector Shape - Group","hd":false},{"ty":"fl","c":{"a":0,"k":[0.987999949736,0.356999984442,0.325,1],"ix":4},"o":{"a":0,"k":100,"ix":5},"r":1,"bm":0,"nm":"Fill 1","mn":"ADBE Vector Graphic - Fill","hd":false},{"ty":"tr","p":{"a":0,"k":[192.255,106.373],"ix":2},"a":{"a":0,"k":[0,0],"ix":1},"s":{"a":0,"k":[100,100],"ix":3},"r":{"a":0,"k":0,"ix":6},"o":{"a":0,"k":100,"ix":7},"sk":{"a":0,"k":0,"ix":4},"sa":{"a":0,"k":0,"ix":5},"nm":"Transform"}],"nm":"Group 12","np":2,"cix":2,"bm":0,"ix":12,"mn":"ADBE Vector Group","hd":false},{"ty":"gr","it":[{"ind":0,"ty":"sh","ix":1,"ks":{"a":0,"k":{"i":[[0,0],[0.236,1.554],[-1.303,7.796],[-11.588,5.073],[3.757,-22.482],[-1.692,-8.023],[-0.693,4.152]],"o":[[0.259,-1.549],[-1.075,-7.07],[3.139,-18.789],[-14.487,1.462],[-1.527,9.139],[0.865,4.1],[0,0]],"v":[[-8.283,30.307],[-8.226,25.605],[-7.994,3.063],[16.526,-35.175],[-14.999,4.934],[-14.585,31.075],[-8.386,30.92]],"c":true},"ix":2},"nm":"Path 1","mn":"ADBE Vector Shape - Group","hd":false},{"ty":"fl","c":{"a":0,"k":[1,1,1,1],"ix":4},"o":{"a":0,"k":100,"ix":5},"r":1,"bm":0,"nm":"Fill 1","mn":"ADBE Vector Graphic - Fill","hd":false},{"ty":"tr","p":{"a":0,"k":[114.892,75.484],"ix":2},"a":{"a":0,"k":[0,0],"ix":1},"s":{"a":0,"k":[100,100],"ix":3},"r":{"a":0,"k":0,"ix":6},"o":{"a":0,"k":100,"ix":7},"sk":{"a":0,"k":0,"ix":4},"sa":{"a":0,"k":0,"ix":5},"nm":"Transform"}],"nm":"Group 13","np":2,"cix":2,"bm":0,"ix":13,"mn":"ADBE Vector Group","hd":false},{"ty":"gr","it":[{"ind":0,"ty":"sh","ix":1,"ks":{"a":0,"k":{"i":[[0,4.5],[-1.79,3.106],[0,-4.544],[2.328,-3.044]],"o":[[0,-4.5],[2.328,3.044],[0,4.543],[-1.79,-3.105]],"v":[[-3.316,0],[-0.444,-11.716],[3.316,0],[-0.444,11.716]],"c":true},"ix":2},"nm":"Path 1","mn":"ADBE Vector Shape - Group","hd":false},{"ty":"fl","c":{"a":0,"k":[1,1,1,1],"ix":4},"o":{"a":0,"k":100,"ix":5},"r":1,"bm":0,"nm":"Fill 1","mn":"ADBE Vector Graphic - Fill","hd":false},{"ty":"tr","p":{"a":0,"k":[105.972,106.794],"ix":2},"a":{"a":0,"k":[0,0],"ix":1},"s":{"a":0,"k":[100,100],"ix":3},"r":{"a":0,"k":0,"ix":6},"o":{"a":0,"k":100,"ix":7},"sk":{"a":0,"k":0,"ix":4},"sa":{"a":0,"k":0,"ix":5},"nm":"Transform"}],"nm":"Group 14","np":2,"cix":2,"bm":0,"ix":14,"mn":"ADBE Vector Group","hd":false},{"ty":"gr","it":[{"ind":0,"ty":"sh","ix":1,"ks":{"a":0,"k":{"i":[[0,4.5],[-1.79,3.106],[-3.283,0],[6.164,0],[2.038,3.547]],"o":[[0,-4.5],[2.038,-3.546],[6.164,0],[-3.283,0],[-1.79,-3.105]],"v":[[-8.653,0],[-5.781,-11.717],[2.489,-17.496],[2.489,17.496],[-5.781,11.716]],"c":true},"ix":2},"nm":"Path 1","mn":"ADBE Vector Shape - Group","hd":false},{"ty":"fl","c":{"a":0,"k":[0.987999949736,0.356999984442,0.325,1],"ix":4},"o":{"a":0,"k":100,"ix":5},"r":1,"bm":0,"nm":"Fill 1","mn":"ADBE Vector Graphic - Fill","hd":false},{"ty":"tr","p":{"a":0,"k":[111.309,106.794],"ix":2},"a":{"a":0,"k":[0,0],"ix":1},"s":{"a":0,"k":[100,100],"ix":3},"r":{"a":0,"k":0,"ix":6},"o":{"a":0,"k":100,"ix":7},"sk":{"a":0,"k":0,"ix":4},"sa":{"a":0,"k":0,"ix":5},"nm":"Transform"}],"nm":"Group 15","np":2,"cix":2,"bm":0,"ix":15,"mn":"ADBE Vector Group","hd":false},{"ty":"gr","it":[{"ind":0,"ty":"sh","ix":1,"ks":{"a":0,"k":{"i":[[0,-1.934],[3.602,0],[0,1.934],[-3.602,0]],"o":[[0,1.934],[-3.602,0],[0,-1.934],[3.602,0]],"v":[[6.523,0],[0,3.501],[-6.523,0],[0,-3.501]],"c":true},"ix":2},"nm":"Path 1","mn":"ADBE Vector Shape - Group","hd":false},{"ty":"fl","c":{"a":0,"k":[0.987999949736,0.356999984442,0.325,1],"ix":4},"o":{"a":0,"k":100,"ix":5},"r":1,"bm":0,"nm":"Fill 1","mn":"ADBE Vector Graphic - Fill","hd":false},{"ty":"tr","p":{"a":0,"k":[150.689,141.154],"ix":2},"a":{"a":0,"k":[0,0],"ix":1},"s":{"a":0,"k":[100,100],"ix":3},"r":{"a":0,"k":0,"ix":6},"o":{"a":0,"k":100,"ix":7},"sk":{"a":0,"k":0,"ix":4},"sa":{"a":0,"k":0,"ix":5},"nm":"Transform"}],"nm":"Group 16","np":2,"cix":2,"bm":0,"ix":16,"mn":"ADBE Vector Group","hd":false},{"ty":"gr","it":[{"ind":0,"ty":"sh","ix":1,"ks":{"a":0,"k":{"i":[[0,0],[0,0],[0,10.567],[0,0],[-9.348,0],[0,0]],"o":[[0,0],[-10.566,0],[0,0],[0,9.348],[0,0],[0,0]],"v":[[17.489,9.582],[1.674,9.582],[-17.489,-9.582],[-15.278,-9.582],[1.674,7.371],[17.489,7.371]],"c":true},"ix":2},"nm":"Path 1","mn":"ADBE Vector Shape - Group","hd":false},{"ty":"fl","c":{"a":0,"k":[0.176000004189,0.176000004189,0.176000004189,1],"ix":4},"o":{"a":0,"k":100,"ix":5},"r":1,"bm":0,"nm":"Fill 1","mn":"ADBE Vector Graphic - Fill","hd":false},{"ty":"tr","p":{"a":0,"k":[130.286,132.678],"ix":2},"a":{"a":0,"k":[0,0],"ix":1},"s":{"a":0,"k":[100,100],"ix":3},"r":{"a":0,"k":0,"ix":6},"o":{"a":0,"k":100,"ix":7},"sk":{"a":0,"k":0,"ix":4},"sa":{"a":0,"k":0,"ix":5},"nm":"Transform"}],"nm":"Group 17","np":2,"cix":2,"bm":0,"ix":17,"mn":"ADBE Vector Group","hd":false},{"ty":"gr","it":[{"ind":0,"ty":"sh","ix":1,"ks":{"a":0,"k":{"i":[[-6.31,38.162],[-45.337,-1.783],[0,0],[-0.064,1.566],[12.893,3.821],[0,0],[0,0],[-2.314,-14.679]],"o":[[0,0],[0,0],[0.496,-1.486],[0.528,-13.213],[0,0],[0,0],[-14.403,3.655],[0,0]],"v":[[1.655,-9.307],[49.518,18.744],[51.168,13.803],[52.046,9.205],[31.186,-19.905],[0.728,-28.855],[-28.923,-19.637],[-50.26,12.721]],"c":true},"ix":2},"nm":"Path 1","mn":"ADBE Vector Shape - Group","hd":false},{"ty":"fl","c":{"a":0,"k":[0.141000007181,0.13300000359,0.234999997008,1],"ix":4},"o":{"a":0,"k":100,"ix":5},"r":1,"bm":0,"nm":"Fill 1","mn":"ADBE Vector Graphic - Fill","hd":false},{"ty":"tr","p":{"a":0,"k":[146.127,63.982],"ix":2},"a":{"a":0,"k":[0,0],"ix":1},"s":{"a":0,"k":[100,100],"ix":3},"r":{"a":0,"k":0,"ix":6},"o":{"a":0,"k":100,"ix":7},"sk":{"a":0,"k":0,"ix":4},"sa":{"a":0,"k":0,"ix":5},"nm":"Transform"}],"nm":"Group 18","np":2,"cix":2,"bm":0,"ix":18,"mn":"ADBE Vector Group","hd":false},{"ty":"gr","it":[{"ind":0,"ty":"sh","ix":1,"ks":{"a":0,"k":{"i":[[-20.45,-0.506],[2.536,-36.147],[8.342,-3.614],[0,0],[0,0],[0,0],[0,0],[0,0],[0,0],[0,0],[0,0],[-0.664,26.84]],"o":[[19.865,0.492],[-2.172,30.94],[0,0],[0,0],[0,0],[0,0],[0,0],[0,0],[0,0],[0,0],[0,0],[0.766,-30.967]],"v":[[-10.112,-99.255],[33.519,-43.22],[9.94,0.044],[13.584,20.936],[43.922,37.146],[52.664,57.226],[-0.421,99.761],[-52.664,61.052],[-46.327,33.833],[-27.011,16.669],[-26.008,-0.26],[-46.585,-42.863]],"c":true},"ix":2},"nm":"Path 1","mn":"ADBE Vector Shape - Group","hd":false},{"ty":"fl","c":{"a":0,"k":[0.957000014361,0.827000038297,0.493999974868,1],"ix":4},"o":{"a":0,"k":100,"ix":5},"r":1,"bm":0,"nm":"Fill 1","mn":"ADBE Vector Graphic - Fill","hd":false},{"ty":"tr","p":{"a":0,"k":[158.322,153.93],"ix":2},"a":{"a":0,"k":[0,0],"ix":1},"s":{"a":0,"k":[100,100],"ix":3},"r":{"a":0,"k":0,"ix":6},"o":{"a":0,"k":100,"ix":7},"sk":{"a":0,"k":0,"ix":4},"sa":{"a":0,"k":0,"ix":5},"nm":"Transform"}],"nm":"Group 19","np":2,"cix":2,"bm":0,"ix":19,"mn":"ADBE Vector Group","hd":false},{"ty":"gr","it":[{"ind":0,"ty":"sh","ix":1,"ks":{"a":0,"k":{"i":[[0,0],[-22.312,-56.173],[-10.304,-19.329],[-4.278,-14.444],[0.97,-39.213],[49.592,55.068],[-9.818,14.56],[-0.49,19.831],[-4.607,10.968],[-34.949,9.066]],"o":[[17.007,-16.186],[13.576,34.18],[7.21,13.528],[6.378,21.533],[-1.192,48.137],[-20.029,-22.241],[8.213,-12.181],[0.491,-19.832],[6.368,-15.156],[20.973,-5.44]],"v":[[0.412,-112.402],[69.94,-77.129],[109.775,-36.483],[114.194,8.742],[147.67,68.514],[-128.611,78.234],[-112.318,25.816],[-117.684,-18.216],[-77.69,-66.251],[-41.661,-121.943]],"c":true},"ix":2},"nm":"Path 1","mn":"ADBE Vector Shape - Group","hd":false},{"ty":"fl","c":{"a":0,"k":[0.141000007181,0.13300000359,0.234999997008,1],"ix":4},"o":{"a":0,"k":100,"ix":5},"r":1,"bm":0,"nm":"Fill 1","mn":"ADBE Vector Graphic - Fill","hd":false},{"ty":"tr","p":{"a":0,"k":[148.89,133.552],"ix":2},"a":{"a":0,"k":[0,0],"ix":1},"s":{"a":0,"k":[100,100],"ix":3},"r":{"a":0,"k":0,"ix":6},"o":{"a":0,"k":100,"ix":7},"sk":{"a":0,"k":0,"ix":4},"sa":{"a":0,"k":0,"ix":5},"nm":"Transform"}],"nm":"Group 20","np":2,"cix":2,"bm":0,"ix":20,"mn":"ADBE Vector Group","hd":false}],"ip":0,"op":300,"st":0,"bm":0},{"ddd":0,"ind":15,"ty":4,"nm":"Phone Botton","sr":1,"ks":{"o":{"a":0,"k":100,"ix":11},"r":{"a":0,"k":0,"ix":10},"p":{"a":0,"k":[549.939,835.475,0],"ix":2},"a":{"a":0,"k":[28.172,12.982,0],"ix":1},"s":{"a":0,"k":[100,100,100],"ix":6}},"ao":0,"shapes":[{"ty":"gr","it":[{"ind":0,"ty":"sh","ix":1,"ks":{"a":0,"k":{"i":[[7.032,0],[0,0],[0,7.031],[-7.032,0],[0,0],[0,-7.033]],"o":[[0,0],[-7.032,0],[0,-7.033],[0,0],[7.032,0],[0,7.031]],"v":[[15.19,12.732],[-15.19,12.732],[-27.922,0.001],[-15.19,-12.732],[15.19,-12.732],[27.922,0.001]],"c":true},"ix":2},"nm":"Path 1","mn":"ADBE Vector Shape - Group","hd":false},{"ty":"fl","c":{"a":0,"k":[0.654999976065,0.588000009574,1,1],"ix":4},"o":{"a":0,"k":100,"ix":5},"r":1,"bm":0,"nm":"Fill 1","mn":"ADBE Vector Graphic - Fill","hd":false},{"ty":"tr","p":{"a":0,"k":[28.172,12.982],"ix":2},"a":{"a":0,"k":[0,0],"ix":1},"s":{"a":0,"k":[100,100],"ix":3},"r":{"a":0,"k":0,"ix":6},"o":{"a":0,"k":100,"ix":7},"sk":{"a":0,"k":0,"ix":4},"sa":{"a":0,"k":0,"ix":5},"nm":"Transform"}],"nm":"Group 1","np":2,"cix":2,"bm":0,"ix":1,"mn":"ADBE Vector Group","hd":false}],"ip":0,"op":300,"st":0,"bm":0},{"ddd":0,"ind":17,"ty":4,"nm":"Phone speaker","sr":1,"ks":{"o":{"a":0,"k":100,"ix":11},"r":{"a":0,"k":0,"ix":10},"p":{"a":0,"k":[549.939,343.257,0],"ix":2},"a":{"a":0,"k":[30.681,5.322,0],"ix":1},"s":{"a":0,"k":[100,100,100],"ix":6}},"ao":0,"shapes":[{"ty":"gr","it":[{"ind":0,"ty":"sh","ix":1,"ks":{"a":0,"k":{"i":[[2.802,0],[0,0],[0,2.801],[-2.802,0],[0,0],[0,-2.801]],"o":[[0,0],[-2.802,0],[0,-2.801],[0,0],[2.802,0],[0,2.801]],"v":[[25.359,5.072],[-25.359,5.072],[-30.431,0],[-25.359,-5.072],[25.359,-5.072],[30.431,0]],"c":true},"ix":2},"nm":"Path 1","mn":"ADBE Vector Shape - Group","hd":false},{"ty":"fl","c":{"a":0,"k":[0.654999976065,0.588000009574,1,1],"ix":4},"o":{"a":0,"k":100,"ix":5},"r":1,"bm":0,"nm":"Fill 1","mn":"ADBE Vector Graphic - Fill","hd":false},{"ty":"tr","p":{"a":0,"k":[30.681,5.322],"ix":2},"a":{"a":0,"k":[0,0],"ix":1},"s":{"a":0,"k":[100,100],"ix":3},"r":{"a":0,"k":0,"ix":6},"o":{"a":0,"k":100,"ix":7},"sk":{"a":0,"k":0,"ix":4},"sa":{"a":0,"k":0,"ix":5},"nm":"Transform"}],"nm":"Group 1","np":2,"cix":2,"bm":0,"ix":1,"mn":"ADBE Vector Group","hd":false}],"ip":0,"op":300,"st":0,"bm":0},{"ddd":0,"ind":19,"ty":4,"nm":"Phone Screen","sr":1,"ks":{"o":{"a":0,"k":100,"ix":11},"r":{"a":0,"k":0,"ix":10},"p":{"a":0,"k":[549.939,582.591,0],"ix":2},"a":{"a":0,"k":[130.471,223.859,0],"ix":1},"s":{"a":0,"k":[100,100,100],"ix":6}},"ao":0,"shapes":[{"ty":"gr","it":[{"ind":0,"ty":"sh","ix":1,"ks":{"a":0,"k":{"i":[[5.764,0],[0,0],[0,5.764],[0,0],[-5.763,0],[0,0],[0,-5.764],[0,0]],"o":[[0,0],[-5.763,0],[0,0],[0,-5.764],[0,0],[5.764,0],[0,0],[0,5.764]],"v":[[119.785,223.609],[-119.785,223.609],[-130.221,213.173],[-130.221,-213.173],[-119.785,-223.609],[119.785,-223.609],[130.222,-213.173],[130.222,213.173]],"c":true},"ix":2},"nm":"Path 1","mn":"ADBE Vector Shape - Group","hd":false},{"ty":"fl","c":{"a":0,"k":[1,1,1,1],"ix":4},"o":{"a":0,"k":100,"ix":5},"r":1,"bm":0,"nm":"Fill 1","mn":"ADBE Vector Graphic - Fill","hd":false},{"ty":"tr","p":{"a":0,"k":[130.471,223.859],"ix":2},"a":{"a":0,"k":[0,0],"ix":1},"s":{"a":0,"k":[100,100],"ix":3},"r":{"a":0,"k":0,"ix":6},"o":{"a":0,"k":100,"ix":7},"sk":{"a":0,"k":0,"ix":4},"sa":{"a":0,"k":0,"ix":5},"nm":"Transform"}],"nm":"Group 1","np":2,"cix":2,"bm":0,"ix":1,"mn":"ADBE Vector Group","hd":false}],"ip":0,"op":300,"st":0,"bm":0},{"ddd":0,"ind":21,"ty":4,"nm":"Phone Body","sr":1,"ks":{"o":{"a":0,"k":100,"ix":11},"r":{"a":0,"k":0,"ix":10},"p":{"a":0,"k":[549.939,596.532,0],"ix":2},"a":{"a":0,"k":[141.769,271.307,0],"ix":1},"s":{"a":0,"k":[100,100,100],"ix":6}},"ao":0,"shapes":[{"ty":"gr","it":[{"ind":0,"ty":"sh","ix":1,"ks":{"a":0,"k":{"i":[[19.869,0],[0,0],[0,19.87],[0,0],[-19.869,0],[0,0],[0,-19.869],[0,0]],"o":[[0,0],[-19.869,0],[0,0],[0,-19.869],[0,0],[19.869,0],[0,0],[0,19.87]],"v":[[105.542,271.057],[-105.543,271.057],[-141.519,235.08],[-141.519,-235.082],[-105.543,-271.057],[105.542,-271.057],[141.519,-235.082],[141.519,235.08]],"c":true},"ix":2},"nm":"Path 1","mn":"ADBE Vector Shape - Group","hd":false},{"ty":"fl","c":{"a":0,"k":[0.522000002394,0.313999998803,0.987999949736,1],"ix":4},"o":{"a":0,"k":100,"ix":5},"r":1,"bm":0,"nm":"Fill 1","mn":"ADBE Vector Graphic - Fill","hd":false},{"ty":"tr","p":{"a":0,"k":[141.769,271.308],"ix":2},"a":{"a":0,"k":[0,0],"ix":1},"s":{"a":0,"k":[100,100],"ix":3},"r":{"a":0,"k":0,"ix":6},"o":{"a":0,"k":100,"ix":7},"sk":{"a":0,"k":0,"ix":4},"sa":{"a":0,"k":0,"ix":5},"nm":"Transform"}],"nm":"Group 1","np":2,"cix":2,"bm":0,"ix":1,"mn":"ADBE Vector Group","hd":false}],"ip":0,"op":300,"st":0,"bm":0},{"ddd":0,"ind":23,"ty":4,"nm":"Phone body Back","sr":1,"ks":{"o":{"a":0,"k":100,"ix":11},"r":{"a":0,"k":0,"ix":10},"p":{"a":0,"k":[677.324,596.532,0],"ix":2},"a":{"a":0,"k":[32.619,271.307,0],"ix":1},"s":{"a":0,"k":[100,100,100],"ix":6}},"ao":0,"shapes":[{"ty":"gr","it":[{"ind":0,"ty":"sh","ix":1,"ks":{"a":0,"k":{"i":[[25.684,0],[0,0],[0,-25.684],[0,0],[25.683,0],[0,0],[0,25.684],[0,0]],"o":[[0,0],[25.683,0],[0,0],[0,25.684],[0,0],[25.684,0],[0,0],[0,-25.684]],"v":[[-14.134,-271.057],[-32.37,-271.057],[14.135,-224.553],[14.135,224.554],[-32.37,271.057],[-14.134,271.057],[32.37,224.554],[32.37,-224.553]],"c":true},"ix":2},"nm":"Path 1","mn":"ADBE Vector Shape - Group","hd":false},{"ty":"fl","c":{"a":0,"k":[0.219999994016,0.059000000299,0.560999971278,1],"ix":4},"o":{"a":0,"k":100,"ix":5},"r":1,"bm":0,"nm":"Fill 1","mn":"ADBE Vector Graphic - Fill","hd":false},{"ty":"tr","p":{"a":0,"k":[32.619,271.307],"ix":2},"a":{"a":0,"k":[0,0],"ix":1},"s":{"a":0,"k":[100,100],"ix":3},"r":{"a":0,"k":0,"ix":6},"o":{"a":0,"k":100,"ix":7},"sk":{"a":0,"k":0,"ix":4},"sa":{"a":0,"k":0,"ix":5},"nm":"Transform"}],"nm":"Group 1","np":2,"cix":2,"bm":0,"ix":1,"mn":"ADBE Vector Group","hd":false}],"ip":0,"op":300,"st":0,"bm":0},{"ddd":0,"ind":25,"ty":4,"nm":"MSG 4","sr":1,"ks":{"o":{"a":1,"k":[{"i":{"x":[0.833],"y":[0.833]},"o":{"x":[0.167],"y":[0.167]},"t":158,"s":[0]},{"t":175,"s":[100]}],"ix":11},"r":{"a":0,"k":0,"ix":10},"p":{"a":1,"k":[{"i":{"x":0.667,"y":1},"o":{"x":0.333,"y":0},"t":158,"s":[475.678,52.208,0],"to":[0,64.333,0],"ti":[0,-64.333,0]},{"t":243,"s":[475.678,438.208,0]}],"ix":2},"a":{"a":0,"k":[53.315,44.272,0],"ix":1},"s":{"a":0,"k":[82,82,100],"ix":6}},"ao":0,"shapes":[{"ty":"gr","it":[{"ind":0,"ty":"sh","ix":1,"ks":{"a":0,"k":{"i":[[0,0],[0.621,-1.89],[0,0],[0,0],[-0.497,0.497],[0,0],[0,0]],"o":[[-0.1,2.064],[0,0],[0,0],[0.548,-0.448],[0,0],[0,0],[0,0]],"v":[[19.311,14.536],[18.217,20.48],[-15.779,-13.515],[-19.311,-17.046],[-17.744,-18.465],[-15.704,-20.48],[-12.198,-16.973]],"c":true},"ix":2},"nm":"Path 1","mn":"ADBE Vector Shape - Group","hd":false},{"ty":"fl","c":{"a":0,"k":[1,1,1,1],"ix":4},"o":{"a":0,"k":100,"ix":5},"r":1,"bm":0,"nm":"Fill 1","mn":"ADBE Vector Graphic - Fill","hd":false},{"ty":"tr","p":{"a":0,"k":[87.02,52.59],"ix":2},"a":{"a":0,"k":[0,0],"ix":1},"s":{"a":0,"k":[100,100],"ix":3},"r":{"a":0,"k":0,"ix":6},"o":{"a":0,"k":100,"ix":7},"sk":{"a":0,"k":0,"ix":4},"sa":{"a":0,"k":0,"ix":5},"nm":"Transform"}],"nm":"Group 1","np":2,"cix":2,"bm":0,"ix":1,"mn":"ADBE Vector Group","hd":false},{"ty":"gr","it":[{"ind":0,"ty":"sh","ix":1,"ks":{"a":0,"k":{"i":[[0,0],[-0.547,-0.423],[0,0],[0,0],[0.099,2.064],[0,0],[0,0]],"o":[[0.498,0.497],[0,0],[0,0],[-0.621,-1.89],[0,0],[0,0],[0,0]],"v":[[17.756,-18.452],[19.323,-17.059],[15.767,-13.503],[-18.229,20.492],[-19.323,14.549],[12.185,-16.96],[15.716,-20.492]],"c":true},"ix":2},"nm":"Path 1","mn":"ADBE Vector Shape - Group","hd":false},{"ty":"fl","c":{"a":0,"k":[1,1,1,1],"ix":4},"o":{"a":0,"k":100,"ix":5},"r":1,"bm":0,"nm":"Fill 1","mn":"ADBE Vector Graphic - Fill","hd":false},{"ty":"tr","p":{"a":0,"k":[19.614,52.577],"ix":2},"a":{"a":0,"k":[0,0],"ix":1},"s":{"a":0,"k":[100,100],"ix":3},"r":{"a":0,"k":0,"ix":6},"o":{"a":0,"k":100,"ix":7},"sk":{"a":0,"k":0,"ix":4},"sa":{"a":0,"k":0,"ix":5},"nm":"Transform"}],"nm":"Group 2","np":2,"cix":2,"bm":0,"ix":2,"mn":"ADBE Vector Group","hd":false},{"ty":"gr","it":[{"ind":0,"ty":"sh","ix":1,"ks":{"a":0,"k":{"i":[[-1.044,-1.318],[0,0],[0.522,-0.448],[6.416,0],[5.147,4.427],[0.497,0.497],[0,0],[0,0],[-1.269,1.044],[0,0],[0,0],[-0.548,-0.423],[-8.306,6.913],[-0.498,0.497],[0,0],[0,0]],"o":[[0,0],[-0.497,0.497],[-5.148,4.427],[-6.391,0],[-0.523,-0.448],[0,0],[0,0],[1.019,-1.318],[0,0],[0,0],[0.497,0.497],[8.306,6.938],[0.547,-0.448],[0,0],[0,0],[1.294,1.044]],"v":[[48.333,-16.687],[19.459,12.186],[17.917,13.603],[-0.012,20.243],[-17.943,13.603],[-19.485,12.186],[-21.525,10.146],[-48.333,-16.687],[-44.876,-20.243],[-17.994,6.615],[-15.954,8.654],[-14.387,10.047],[14.386,10.072],[15.953,8.654],[17.992,6.64],[44.85,-20.243]],"c":true},"ix":2},"nm":"Path 1","mn":"ADBE Vector Shape - Group","hd":false},{"ty":"fl","c":{"a":0,"k":[1,1,1,1],"ix":4},"o":{"a":0,"k":100,"ix":5},"r":1,"bm":0,"nm":"Fill 1","mn":"ADBE Vector Graphic - Fill","hd":false},{"ty":"tr","p":{"a":0,"k":[53.324,25.471],"ix":2},"a":{"a":0,"k":[0,0],"ix":1},"s":{"a":0,"k":[100,100],"ix":3},"r":{"a":0,"k":0,"ix":6},"o":{"a":0,"k":100,"ix":7},"sk":{"a":0,"k":0,"ix":4},"sa":{"a":0,"k":0,"ix":5},"nm":"Transform"}],"nm":"Group 3","np":2,"cix":2,"bm":0,"ix":3,"mn":"ADBE Vector Group","hd":false},{"ty":"gr","it":[{"ind":0,"ty":"sh","ix":1,"ks":{"a":0,"k":{"i":[[9.489,0],[0,0],[0,9.49],[0,0],[-9.489,0],[0,0],[0,-9.49],[0,0]],"o":[[0,0],[-9.489,0],[0,0],[0,-9.489],[0,0],[9.489,0],[0,0],[0,9.49]],"v":[[35.884,44.022],[-35.883,44.022],[-53.065,26.839],[-53.065,-26.84],[-35.883,-44.022],[35.884,-44.022],[53.065,-26.839],[53.065,26.839]],"c":true},"ix":2},"nm":"Path 1","mn":"ADBE Vector Shape - Group","hd":false},{"ty":"fl","c":{"a":0,"k":[0.987999949736,0.556999954523,0.325,1],"ix":4},"o":{"a":0,"k":100,"ix":5},"r":1,"bm":0,"nm":"Fill 1","mn":"ADBE Vector Graphic - Fill","hd":false},{"ty":"tr","p":{"a":0,"k":[53.315,44.272],"ix":2},"a":{"a":0,"k":[0,0],"ix":1},"s":{"a":0,"k":[100,100],"ix":3},"r":{"a":0,"k":0,"ix":6},"o":{"a":0,"k":100,"ix":7},"sk":{"a":0,"k":0,"ix":4},"sa":{"a":0,"k":0,"ix":5},"nm":"Transform"}],"nm":"Group 4","np":2,"cix":2,"bm":0,"ix":4,"mn":"ADBE Vector Group","hd":false}],"ip":158,"op":458,"st":158,"bm":0},{"ddd":0,"ind":26,"ty":4,"nm":"MSG 3","sr":1,"ks":{"o":{"a":1,"k":[{"i":{"x":[0.833],"y":[0.833]},"o":{"x":[0.167],"y":[0.167]},"t":81,"s":[0]},{"t":98,"s":[100]}],"ix":11},"r":{"a":0,"k":0,"ix":10},"p":{"a":1,"k":[{"i":{"x":0.667,"y":1},"o":{"x":0.333,"y":0},"t":81,"s":[475.678,52.208,0],"to":[0,64.333,0],"ti":[0,-64.333,0]},{"t":166,"s":[475.678,438.208,0]}],"ix":2},"a":{"a":0,"k":[53.315,44.272,0],"ix":1},"s":{"a":0,"k":[82,82,100],"ix":6}},"ao":0,"shapes":[{"ty":"gr","it":[{"ind":0,"ty":"sh","ix":1,"ks":{"a":0,"k":{"i":[[0,0],[0.621,-1.89],[0,0],[0,0],[-0.497,0.497],[0,0],[0,0]],"o":[[-0.1,2.064],[0,0],[0,0],[0.548,-0.448],[0,0],[0,0],[0,0]],"v":[[19.311,14.536],[18.217,20.48],[-15.779,-13.515],[-19.311,-17.046],[-17.744,-18.465],[-15.704,-20.48],[-12.198,-16.973]],"c":true},"ix":2},"nm":"Path 1","mn":"ADBE Vector Shape - Group","hd":false},{"ty":"fl","c":{"a":0,"k":[1,1,1,1],"ix":4},"o":{"a":0,"k":100,"ix":5},"r":1,"bm":0,"nm":"Fill 1","mn":"ADBE Vector Graphic - Fill","hd":false},{"ty":"tr","p":{"a":0,"k":[87.02,52.59],"ix":2},"a":{"a":0,"k":[0,0],"ix":1},"s":{"a":0,"k":[100,100],"ix":3},"r":{"a":0,"k":0,"ix":6},"o":{"a":0,"k":100,"ix":7},"sk":{"a":0,"k":0,"ix":4},"sa":{"a":0,"k":0,"ix":5},"nm":"Transform"}],"nm":"Group 1","np":2,"cix":2,"bm":0,"ix":1,"mn":"ADBE Vector Group","hd":false},{"ty":"gr","it":[{"ind":0,"ty":"sh","ix":1,"ks":{"a":0,"k":{"i":[[0,0],[-0.547,-0.423],[0,0],[0,0],[0.099,2.064],[0,0],[0,0]],"o":[[0.498,0.497],[0,0],[0,0],[-0.621,-1.89],[0,0],[0,0],[0,0]],"v":[[17.756,-18.452],[19.323,-17.059],[15.767,-13.503],[-18.229,20.492],[-19.323,14.549],[12.185,-16.96],[15.716,-20.492]],"c":true},"ix":2},"nm":"Path 1","mn":"ADBE Vector Shape - Group","hd":false},{"ty":"fl","c":{"a":0,"k":[1,1,1,1],"ix":4},"o":{"a":0,"k":100,"ix":5},"r":1,"bm":0,"nm":"Fill 1","mn":"ADBE Vector Graphic - Fill","hd":false},{"ty":"tr","p":{"a":0,"k":[19.614,52.577],"ix":2},"a":{"a":0,"k":[0,0],"ix":1},"s":{"a":0,"k":[100,100],"ix":3},"r":{"a":0,"k":0,"ix":6},"o":{"a":0,"k":100,"ix":7},"sk":{"a":0,"k":0,"ix":4},"sa":{"a":0,"k":0,"ix":5},"nm":"Transform"}],"nm":"Group 2","np":2,"cix":2,"bm":0,"ix":2,"mn":"ADBE Vector Group","hd":false},{"ty":"gr","it":[{"ind":0,"ty":"sh","ix":1,"ks":{"a":0,"k":{"i":[[-1.044,-1.318],[0,0],[0.522,-0.448],[6.416,0],[5.147,4.427],[0.497,0.497],[0,0],[0,0],[-1.269,1.044],[0,0],[0,0],[-0.548,-0.423],[-8.306,6.913],[-0.498,0.497],[0,0],[0,0]],"o":[[0,0],[-0.497,0.497],[-5.148,4.427],[-6.391,0],[-0.523,-0.448],[0,0],[0,0],[1.019,-1.318],[0,0],[0,0],[0.497,0.497],[8.306,6.938],[0.547,-0.448],[0,0],[0,0],[1.294,1.044]],"v":[[48.333,-16.687],[19.459,12.186],[17.917,13.603],[-0.012,20.243],[-17.943,13.603],[-19.485,12.186],[-21.525,10.146],[-48.333,-16.687],[-44.876,-20.243],[-17.994,6.615],[-15.954,8.654],[-14.387,10.047],[14.386,10.072],[15.953,8.654],[17.992,6.64],[44.85,-20.243]],"c":true},"ix":2},"nm":"Path 1","mn":"ADBE Vector Shape - Group","hd":false},{"ty":"fl","c":{"a":0,"k":[1,1,1,1],"ix":4},"o":{"a":0,"k":100,"ix":5},"r":1,"bm":0,"nm":"Fill 1","mn":"ADBE Vector Graphic - Fill","hd":false},{"ty":"tr","p":{"a":0,"k":[53.324,25.471],"ix":2},"a":{"a":0,"k":[0,0],"ix":1},"s":{"a":0,"k":[100,100],"ix":3},"r":{"a":0,"k":0,"ix":6},"o":{"a":0,"k":100,"ix":7},"sk":{"a":0,"k":0,"ix":4},"sa":{"a":0,"k":0,"ix":5},"nm":"Transform"}],"nm":"Group 3","np":2,"cix":2,"bm":0,"ix":3,"mn":"ADBE Vector Group","hd":false},{"ty":"gr","it":[{"ind":0,"ty":"sh","ix":1,"ks":{"a":0,"k":{"i":[[9.489,0],[0,0],[0,9.49],[0,0],[-9.489,0],[0,0],[0,-9.49],[0,0]],"o":[[0,0],[-9.489,0],[0,0],[0,-9.489],[0,0],[9.489,0],[0,0],[0,9.49]],"v":[[35.884,44.022],[-35.883,44.022],[-53.065,26.839],[-53.065,-26.84],[-35.883,-44.022],[35.884,-44.022],[53.065,-26.839],[53.065,26.839]],"c":true},"ix":2},"nm":"Path 1","mn":"ADBE Vector Shape - Group","hd":false},{"ty":"fl","c":{"a":0,"k":[0.987999949736,0.556999954523,0.325,1],"ix":4},"o":{"a":0,"k":100,"ix":5},"r":1,"bm":0,"nm":"Fill 1","mn":"ADBE Vector Graphic - Fill","hd":false},{"ty":"tr","p":{"a":0,"k":[53.315,44.272],"ix":2},"a":{"a":0,"k":[0,0],"ix":1},"s":{"a":0,"k":[100,100],"ix":3},"r":{"a":0,"k":0,"ix":6},"o":{"a":0,"k":100,"ix":7},"sk":{"a":0,"k":0,"ix":4},"sa":{"a":0,"k":0,"ix":5},"nm":"Transform"}],"nm":"Group 4","np":2,"cix":2,"bm":0,"ix":4,"mn":"ADBE Vector Group","hd":false}],"ip":81,"op":381,"st":81,"bm":0},{"ddd":0,"ind":27,"ty":4,"nm":"MSG 2","sr":1,"ks":{"o":{"a":1,"k":[{"i":{"x":[0.833],"y":[0.833]},"o":{"x":[0.167],"y":[0.167]},"t":60,"s":[0]},{"t":77,"s":[100]}],"ix":11},"r":{"a":0,"k":0,"ix":10},"p":{"a":1,"k":[{"i":{"x":0.667,"y":1},"o":{"x":0.333,"y":0},"t":60,"s":[475.678,52.208,0],"to":[0,64.333,0],"ti":[0,-64.333,0]},{"t":145,"s":[475.678,438.208,0]}],"ix":2},"a":{"a":0,"k":[53.315,44.272,0],"ix":1},"s":{"a":0,"k":[82,82,100],"ix":6}},"ao":0,"shapes":[{"ty":"gr","it":[{"ind":0,"ty":"sh","ix":1,"ks":{"a":0,"k":{"i":[[0,0],[0.621,-1.89],[0,0],[0,0],[-0.497,0.497],[0,0],[0,0]],"o":[[-0.1,2.064],[0,0],[0,0],[0.548,-0.448],[0,0],[0,0],[0,0]],"v":[[19.311,14.536],[18.217,20.48],[-15.779,-13.515],[-19.311,-17.046],[-17.744,-18.465],[-15.704,-20.48],[-12.198,-16.973]],"c":true},"ix":2},"nm":"Path 1","mn":"ADBE Vector Shape - Group","hd":false},{"ty":"fl","c":{"a":0,"k":[1,1,1,1],"ix":4},"o":{"a":0,"k":100,"ix":5},"r":1,"bm":0,"nm":"Fill 1","mn":"ADBE Vector Graphic - Fill","hd":false},{"ty":"tr","p":{"a":0,"k":[87.02,52.59],"ix":2},"a":{"a":0,"k":[0,0],"ix":1},"s":{"a":0,"k":[100,100],"ix":3},"r":{"a":0,"k":0,"ix":6},"o":{"a":0,"k":100,"ix":7},"sk":{"a":0,"k":0,"ix":4},"sa":{"a":0,"k":0,"ix":5},"nm":"Transform"}],"nm":"Group 1","np":2,"cix":2,"bm":0,"ix":1,"mn":"ADBE Vector Group","hd":false},{"ty":"gr","it":[{"ind":0,"ty":"sh","ix":1,"ks":{"a":0,"k":{"i":[[0,0],[-0.547,-0.423],[0,0],[0,0],[0.099,2.064],[0,0],[0,0]],"o":[[0.498,0.497],[0,0],[0,0],[-0.621,-1.89],[0,0],[0,0],[0,0]],"v":[[17.756,-18.452],[19.323,-17.059],[15.767,-13.503],[-18.229,20.492],[-19.323,14.549],[12.185,-16.96],[15.716,-20.492]],"c":true},"ix":2},"nm":"Path 1","mn":"ADBE Vector Shape - Group","hd":false},{"ty":"fl","c":{"a":0,"k":[1,1,1,1],"ix":4},"o":{"a":0,"k":100,"ix":5},"r":1,"bm":0,"nm":"Fill 1","mn":"ADBE Vector Graphic - Fill","hd":false},{"ty":"tr","p":{"a":0,"k":[19.614,52.577],"ix":2},"a":{"a":0,"k":[0,0],"ix":1},"s":{"a":0,"k":[100,100],"ix":3},"r":{"a":0,"k":0,"ix":6},"o":{"a":0,"k":100,"ix":7},"sk":{"a":0,"k":0,"ix":4},"sa":{"a":0,"k":0,"ix":5},"nm":"Transform"}],"nm":"Group 2","np":2,"cix":2,"bm":0,"ix":2,"mn":"ADBE Vector Group","hd":false},{"ty":"gr","it":[{"ind":0,"ty":"sh","ix":1,"ks":{"a":0,"k":{"i":[[-1.044,-1.318],[0,0],[0.522,-0.448],[6.416,0],[5.147,4.427],[0.497,0.497],[0,0],[0,0],[-1.269,1.044],[0,0],[0,0],[-0.548,-0.423],[-8.306,6.913],[-0.498,0.497],[0,0],[0,0]],"o":[[0,0],[-0.497,0.497],[-5.148,4.427],[-6.391,0],[-0.523,-0.448],[0,0],[0,0],[1.019,-1.318],[0,0],[0,0],[0.497,0.497],[8.306,6.938],[0.547,-0.448],[0,0],[0,0],[1.294,1.044]],"v":[[48.333,-16.687],[19.459,12.186],[17.917,13.603],[-0.012,20.243],[-17.943,13.603],[-19.485,12.186],[-21.525,10.146],[-48.333,-16.687],[-44.876,-20.243],[-17.994,6.615],[-15.954,8.654],[-14.387,10.047],[14.386,10.072],[15.953,8.654],[17.992,6.64],[44.85,-20.243]],"c":true},"ix":2},"nm":"Path 1","mn":"ADBE Vector Shape - Group","hd":false},{"ty":"fl","c":{"a":0,"k":[1,1,1,1],"ix":4},"o":{"a":0,"k":100,"ix":5},"r":1,"bm":0,"nm":"Fill 1","mn":"ADBE Vector Graphic - Fill","hd":false},{"ty":"tr","p":{"a":0,"k":[53.324,25.471],"ix":2},"a":{"a":0,"k":[0,0],"ix":1},"s":{"a":0,"k":[100,100],"ix":3},"r":{"a":0,"k":0,"ix":6},"o":{"a":0,"k":100,"ix":7},"sk":{"a":0,"k":0,"ix":4},"sa":{"a":0,"k":0,"ix":5},"nm":"Transform"}],"nm":"Group 3","np":2,"cix":2,"bm":0,"ix":3,"mn":"ADBE Vector Group","hd":false},{"ty":"gr","it":[{"ind":0,"ty":"sh","ix":1,"ks":{"a":0,"k":{"i":[[9.489,0],[0,0],[0,9.49],[0,0],[-9.489,0],[0,0],[0,-9.49],[0,0]],"o":[[0,0],[-9.489,0],[0,0],[0,-9.489],[0,0],[9.489,0],[0,0],[0,9.49]],"v":[[35.884,44.022],[-35.883,44.022],[-53.065,26.839],[-53.065,-26.84],[-35.883,-44.022],[35.884,-44.022],[53.065,-26.839],[53.065,26.839]],"c":true},"ix":2},"nm":"Path 1","mn":"ADBE Vector Shape - Group","hd":false},{"ty":"fl","c":{"a":0,"k":[0.987999949736,0.556999954523,0.325,1],"ix":4},"o":{"a":0,"k":100,"ix":5},"r":1,"bm":0,"nm":"Fill 1","mn":"ADBE Vector Graphic - Fill","hd":false},{"ty":"tr","p":{"a":0,"k":[53.315,44.272],"ix":2},"a":{"a":0,"k":[0,0],"ix":1},"s":{"a":0,"k":[100,100],"ix":3},"r":{"a":0,"k":0,"ix":6},"o":{"a":0,"k":100,"ix":7},"sk":{"a":0,"k":0,"ix":4},"sa":{"a":0,"k":0,"ix":5},"nm":"Transform"}],"nm":"Group 4","np":2,"cix":2,"bm":0,"ix":4,"mn":"ADBE Vector Group","hd":false}],"ip":60,"op":360,"st":60,"bm":0},{"ddd":0,"ind":28,"ty":4,"nm":"MSG","sr":1,"ks":{"o":{"a":1,"k":[{"i":{"x":[0.833],"y":[0.833]},"o":{"x":[0.167],"y":[0.167]},"t":0,"s":[0]},{"t":17,"s":[100]}],"ix":11},"r":{"a":0,"k":0,"ix":10},"p":{"a":1,"k":[{"i":{"x":0.667,"y":1},"o":{"x":0.333,"y":0},"t":0,"s":[475.678,52.208,0],"to":[0,64.333,0],"ti":[0,-64.333,0]},{"t":85,"s":[475.678,438.208,0]}],"ix":2},"a":{"a":0,"k":[53.315,44.272,0],"ix":1},"s":{"a":0,"k":[82,82,100],"ix":6}},"ao":0,"shapes":[{"ty":"gr","it":[{"ind":0,"ty":"sh","ix":1,"ks":{"a":0,"k":{"i":[[0,0],[0.621,-1.89],[0,0],[0,0],[-0.497,0.497],[0,0],[0,0]],"o":[[-0.1,2.064],[0,0],[0,0],[0.548,-0.448],[0,0],[0,0],[0,0]],"v":[[19.311,14.536],[18.217,20.48],[-15.779,-13.515],[-19.311,-17.046],[-17.744,-18.465],[-15.704,-20.48],[-12.198,-16.973]],"c":true},"ix":2},"nm":"Path 1","mn":"ADBE Vector Shape - Group","hd":false},{"ty":"fl","c":{"a":0,"k":[1,1,1,1],"ix":4},"o":{"a":0,"k":100,"ix":5},"r":1,"bm":0,"nm":"Fill 1","mn":"ADBE Vector Graphic - Fill","hd":false},{"ty":"tr","p":{"a":0,"k":[87.02,52.59],"ix":2},"a":{"a":0,"k":[0,0],"ix":1},"s":{"a":0,"k":[100,100],"ix":3},"r":{"a":0,"k":0,"ix":6},"o":{"a":0,"k":100,"ix":7},"sk":{"a":0,"k":0,"ix":4},"sa":{"a":0,"k":0,"ix":5},"nm":"Transform"}],"nm":"Group 1","np":2,"cix":2,"bm":0,"ix":1,"mn":"ADBE Vector Group","hd":false},{"ty":"gr","it":[{"ind":0,"ty":"sh","ix":1,"ks":{"a":0,"k":{"i":[[0,0],[-0.547,-0.423],[0,0],[0,0],[0.099,2.064],[0,0],[0,0]],"o":[[0.498,0.497],[0,0],[0,0],[-0.621,-1.89],[0,0],[0,0],[0,0]],"v":[[17.756,-18.452],[19.323,-17.059],[15.767,-13.503],[-18.229,20.492],[-19.323,14.549],[12.185,-16.96],[15.716,-20.492]],"c":true},"ix":2},"nm":"Path 1","mn":"ADBE Vector Shape - Group","hd":false},{"ty":"fl","c":{"a":0,"k":[1,1,1,1],"ix":4},"o":{"a":0,"k":100,"ix":5},"r":1,"bm":0,"nm":"Fill 1","mn":"ADBE Vector Graphic - Fill","hd":false},{"ty":"tr","p":{"a":0,"k":[19.614,52.577],"ix":2},"a":{"a":0,"k":[0,0],"ix":1},"s":{"a":0,"k":[100,100],"ix":3},"r":{"a":0,"k":0,"ix":6},"o":{"a":0,"k":100,"ix":7},"sk":{"a":0,"k":0,"ix":4},"sa":{"a":0,"k":0,"ix":5},"nm":"Transform"}],"nm":"Group 2","np":2,"cix":2,"bm":0,"ix":2,"mn":"ADBE Vector Group","hd":false},{"ty":"gr","it":[{"ind":0,"ty":"sh","ix":1,"ks":{"a":0,"k":{"i":[[-1.044,-1.318],[0,0],[0.522,-0.448],[6.416,0],[5.147,4.427],[0.497,0.497],[0,0],[0,0],[-1.269,1.044],[0,0],[0,0],[-0.548,-0.423],[-8.306,6.913],[-0.498,0.497],[0,0],[0,0]],"o":[[0,0],[-0.497,0.497],[-5.148,4.427],[-6.391,0],[-0.523,-0.448],[0,0],[0,0],[1.019,-1.318],[0,0],[0,0],[0.497,0.497],[8.306,6.938],[0.547,-0.448],[0,0],[0,0],[1.294,1.044]],"v":[[48.333,-16.687],[19.459,12.186],[17.917,13.603],[-0.012,20.243],[-17.943,13.603],[-19.485,12.186],[-21.525,10.146],[-48.333,-16.687],[-44.876,-20.243],[-17.994,6.615],[-15.954,8.654],[-14.387,10.047],[14.386,10.072],[15.953,8.654],[17.992,6.64],[44.85,-20.243]],"c":true},"ix":2},"nm":"Path 1","mn":"ADBE Vector Shape - Group","hd":false},{"ty":"fl","c":{"a":0,"k":[1,1,1,1],"ix":4},"o":{"a":0,"k":100,"ix":5},"r":1,"bm":0,"nm":"Fill 1","mn":"ADBE Vector Graphic - Fill","hd":false},{"ty":"tr","p":{"a":0,"k":[53.324,25.471],"ix":2},"a":{"a":0,"k":[0,0],"ix":1},"s":{"a":0,"k":[100,100],"ix":3},"r":{"a":0,"k":0,"ix":6},"o":{"a":0,"k":100,"ix":7},"sk":{"a":0,"k":0,"ix":4},"sa":{"a":0,"k":0,"ix":5},"nm":"Transform"}],"nm":"Group 3","np":2,"cix":2,"bm":0,"ix":3,"mn":"ADBE Vector Group","hd":false},{"ty":"gr","it":[{"ind":0,"ty":"sh","ix":1,"ks":{"a":0,"k":{"i":[[9.489,0],[0,0],[0,9.49],[0,0],[-9.489,0],[0,0],[0,-9.49],[0,0]],"o":[[0,0],[-9.489,0],[0,0],[0,-9.489],[0,0],[9.489,0],[0,0],[0,9.49]],"v":[[35.884,44.022],[-35.883,44.022],[-53.065,26.839],[-53.065,-26.84],[-35.883,-44.022],[35.884,-44.022],[53.065,-26.839],[53.065,26.839]],"c":true},"ix":2},"nm":"Path 1","mn":"ADBE Vector Shape - Group","hd":false},{"ty":"fl","c":{"a":0,"k":[0.987999949736,0.556999954523,0.325,1],"ix":4},"o":{"a":0,"k":100,"ix":5},"r":1,"bm":0,"nm":"Fill 1","mn":"ADBE Vector Graphic - Fill","hd":false},{"ty":"tr","p":{"a":0,"k":[53.315,44.272],"ix":2},"a":{"a":0,"k":[0,0],"ix":1},"s":{"a":0,"k":[100,100],"ix":3},"r":{"a":0,"k":0,"ix":6},"o":{"a":0,"k":100,"ix":7},"sk":{"a":0,"k":0,"ix":4},"sa":{"a":0,"k":0,"ix":5},"nm":"Transform"}],"nm":"Group 4","np":2,"cix":2,"bm":0,"ix":4,"mn":"ADBE Vector Group","hd":false}],"ip":0,"op":300,"st":0,"bm":0},{"ddd":0,"ind":33,"ty":4,"nm":"24/7","parent":34,"sr":1,"ks":{"o":{"a":0,"k":100,"ix":11},"r":{"a":0,"k":0,"ix":10},"p":{"a":0,"k":[84.566,47.597,0],"ix":2},"a":{"a":0,"k":[68.248,29.393,0],"ix":1},"s":{"a":0,"k":[100,100,100],"ix":6}},"ao":0,"shapes":[{"ty":"gr","it":[{"ind":0,"ty":"sh","ix":1,"ks":{"a":0,"k":{"i":[[0,0],[-0.862,3.587],[-1.249,3.451],[-1.543,3.065],[-1.59,2.225],[0,0],[0,0],[0,0],[0,0],[1.747,-2.815],[1.565,-3.564],[1.158,-4.086],[0.273,-4.086]],"o":[[0.272,-3.314],[0.862,-3.586],[1.248,-3.451],[1.544,-3.065],[0,0],[0,0],[0,0],[0,0],[-1.454,1.59],[-1.748,2.816],[-1.568,3.565],[-1.159,4.087],[0,0]],"v":[[-9.774,23.634],[-8.072,13.281],[-4.904,2.725],[-0.716,-7.049],[3.984,-14.984],[-16.516,-14.984],[-16.516,-23.634],[16.516,-23.634],[16.516,-16.278],[11.714,-9.671],[6.743,-0.102],[2.656,11.374],[0.51,23.634]],"c":true},"ix":2},"nm":"Path 1","mn":"ADBE Vector Shape - Group","hd":false},{"ty":"fl","c":{"a":0,"k":[1,1,1,1],"ix":4},"o":{"a":0,"k":100,"ix":5},"r":1,"bm":0,"nm":"Fill 1","mn":"ADBE Vector Graphic - Fill","hd":false},{"ty":"tr","p":{"a":0,"k":[119.73,29.076],"ix":2},"a":{"a":0,"k":[0,0],"ix":1},"s":{"a":0,"k":[100,100],"ix":3},"r":{"a":0,"k":0,"ix":6},"o":{"a":0,"k":100,"ix":7},"sk":{"a":0,"k":0,"ix":4},"sa":{"a":0,"k":0,"ix":5},"nm":"Transform"}],"nm":"Group 1","np":2,"cix":2,"bm":0,"ix":1,"mn":"ADBE Vector Group","hd":false},{"ty":"gr","it":[{"ind":0,"ty":"sh","ix":1,"ks":{"a":0,"k":{"i":[[0,0],[0,0],[0,0],[0,0]],"o":[[0,0],[0,0],[0,0],[0,0]],"v":[[-6.382,29.143],[-13.848,29.143],[6.514,-29.143],[13.848,-29.143]],"c":true},"ix":2},"nm":"Path 1","mn":"ADBE Vector Shape - Group","hd":false},{"ty":"fl","c":{"a":0,"k":[1,1,1,1],"ix":4},"o":{"a":0,"k":100,"ix":5},"r":1,"bm":0,"nm":"Fill 1","mn":"ADBE Vector Graphic - Fill","hd":false},{"ty":"tr","p":{"a":0,"k":[87.459,29.393],"ix":2},"a":{"a":0,"k":[0,0],"ix":1},"s":{"a":0,"k":[100,100],"ix":3},"r":{"a":0,"k":0,"ix":6},"o":{"a":0,"k":100,"ix":7},"sk":{"a":0,"k":0,"ix":4},"sa":{"a":0,"k":0,"ix":5},"nm":"Transform"}],"nm":"Group 2","np":2,"cix":2,"bm":0,"ix":2,"mn":"ADBE Vector Group","hd":false},{"ty":"gr","it":[{"ind":0,"ty":"sh","ix":1,"ks":{"a":0,"k":{"i":[[0,0],[1.997,-2.724],[1.362,-2.861],[0,0]],"o":[[-1.77,2.316],[-1.998,2.725],[0,0],[0,0]],"v":[[2.69,-11.204],[-2.962,-3.644],[-8.002,4.734],[2.69,4.734]],"c":true},"ix":2},"nm":"Path 1","mn":"ADBE Vector Shape - Group","hd":false},{"ind":1,"ty":"sh","ix":2,"ks":{"a":0,"k":{"i":[[0,0],[0,0],[0,0],[0,0],[0,0],[0,0],[0,0],[0,0],[0,0],[0,0],[-1.498,2.52],[-1.838,2.655],[-2.044,2.544],[-2.043,2.043]],"o":[[0,0],[0,0],[0,0],[0,0],[0,0],[0,0],[0,0],[0,0],[0,0],[0.999,-1.997],[1.499,-2.52],[1.84,-2.657],[2.043,-2.542],[0,0]],"v":[[12.634,-23.6],[12.634,4.734],[17.674,4.734],[17.674,13.043],[12.634,13.043],[12.634,23.6],[2.69,23.6],[2.69,13.043],[-17.674,13.043],[-17.674,5.619],[-13.928,-1.158],[-8.922,-8.922],[-3.098,-16.721],[3.031,-23.6]],"c":true},"ix":2},"nm":"Path 2","mn":"ADBE Vector Shape - Group","hd":false},{"ty":"mm","mm":1,"nm":"Merge Paths 1","mn":"ADBE Vector Filter - Merge","hd":false},{"ty":"fl","c":{"a":0,"k":[1,1,1,1],"ix":4},"o":{"a":0,"k":100,"ix":5},"r":1,"bm":0,"nm":"Fill 1","mn":"ADBE Vector Graphic - Fill","hd":false},{"ty":"tr","p":{"a":0,"k":[55.587,29.11],"ix":2},"a":{"a":0,"k":[0,0],"ix":1},"s":{"a":0,"k":[100,100],"ix":3},"r":{"a":0,"k":0,"ix":6},"o":{"a":0,"k":100,"ix":7},"sk":{"a":0,"k":0,"ix":4},"sa":{"a":0,"k":0,"ix":5},"nm":"Transform"}],"nm":"Group 3","np":4,"cix":2,"bm":0,"ix":3,"mn":"ADBE Vector Group","hd":false},{"ty":"gr","it":[{"ind":0,"ty":"sh","ix":1,"ks":{"a":0,"k":{"i":[[0,-2.088],[0.681,-1.589],[1.089,-1.474],[1.361,-1.362],[1.316,-1.226],[0.794,-0.794],[0.726,-0.817],[0.567,-0.703],[0.136,-0.453],[0,0],[0,0],[0,0],[0,0.773],[0,0],[-0.704,1.816],[-1.135,1.567],[-1.43,1.363],[-1.408,1.362],[-0.955,0.931],[-0.726,0.885],[-0.408,0.885],[0,0.909],[1.135,0.818],[1.679,0],[1.067,-0.386],[0.884,-0.522],[0.636,-0.521],[0.317,-0.317],[0,0],[-2.656,1.204],[-3.042,0],[-1.998,-0.635],[-1.294,-1.158],[-0.612,-1.657]],"o":[[0,1.726],[-0.681,1.59],[-1.09,1.476],[-1.364,1.362],[-0.682,0.637],[-0.795,0.795],[-0.727,0.818],[-0.568,0.705],[0,0],[0,0],[0,0],[-0.092,-0.499],[0,0],[0,-2.179],[0.703,-1.816],[1.134,-1.566],[1.43,-1.362],[1.09,-1.044],[0.954,-0.93],[0.726,-0.886],[0.409,-0.886],[0,-1.997],[-1.134,-0.817],[-1.226,0],[-1.067,0.386],[-0.886,0.522],[-0.636,0.523],[0,0],[1.997,-1.862],[2.655,-1.202],[2.769,0],[1.998,0.636],[1.294,1.158],[0.612,1.659]],"v":[[14.984,-10.66],[13.962,-5.687],[11.306,-1.09],[7.629,3.167],[3.61,7.048],[1.396,9.194],[-0.886,11.612],[-2.827,13.894],[-3.882,15.631],[16.414,15.631],[16.414,24.145],[-15.052,24.145],[-15.189,22.237],[-15.189,20.603],[-14.133,14.61],[-11.374,9.535],[-7.526,5.142],[-3.269,1.056],[-0.204,-1.908],[2.315,-4.632],[4.018,-7.288],[4.631,-9.978],[2.928,-14.202],[-1.294,-15.427],[-4.734,-14.848],[-7.662,-13.486],[-9.944,-11.919],[-11.374,-10.66],[-16.414,-17.742],[-9.433,-22.34],[-0.886,-24.145],[6.265,-23.191],[11.204,-20.501],[14.064,-16.278]],"c":true},"ix":2},"nm":"Path 1","mn":"ADBE Vector Shape - Group","hd":false},{"ty":"fl","c":{"a":0,"k":[1,1,1,1],"ix":4},"o":{"a":0,"k":100,"ix":5},"r":1,"bm":0,"nm":"Fill 1","mn":"ADBE Vector Graphic - Fill","hd":false},{"ty":"tr","p":{"a":0,"k":[16.664,28.566],"ix":2},"a":{"a":0,"k":[0,0],"ix":1},"s":{"a":0,"k":[100,100],"ix":3},"r":{"a":0,"k":0,"ix":6},"o":{"a":0,"k":100,"ix":7},"sk":{"a":0,"k":0,"ix":4},"sa":{"a":0,"k":0,"ix":5},"nm":"Transform"}],"nm":"Group 4","np":2,"cix":2,"bm":0,"ix":4,"mn":"ADBE Vector Group","hd":false}],"ip":0,"op":300,"st":0,"bm":0},{"ddd":0,"ind":34,"ty":4,"nm":"24/7 box","sr":1,"ks":{"o":{"a":0,"k":100,"ix":11},"r":{"a":0,"k":0,"ix":10},"p":{"a":1,"k":[{"i":{"x":0.667,"y":0.989},"o":{"x":0.333,"y":0},"t":0,"s":[752.063,253.052,0],"to":[0,0,0],"ti":[0,0,0]},{"i":{"x":0.667,"y":1},"o":{"x":0.333,"y":0.007},"t":85,"s":[752.063,158.066,0],"to":[0,0,0],"ti":[0,0,0]},{"i":{"x":0.667,"y":1},"o":{"x":0.333,"y":0},"t":160,"s":[752.063,293.052,0],"to":[0,0,0],"ti":[0,0,0]},{"t":240,"s":[752.063,253.052,0]}],"ix":2},"a":{"a":0,"k":[84.565,58.694,0],"ix":1},"s":{"a":0,"k":[100,100,100],"ix":6}},"ao":0,"shapes":[{"ty":"gr","it":[{"ind":0,"ty":"sh","ix":1,"ks":{"a":0,"k":{"i":[[15.113,0],[0,0],[0,-15.114],[0,0],[-15.114,0],[0,0],[0,0],[0,0],[0,0],[0,15.113],[0,0]],"o":[[0,0],[-15.114,0],[0,0],[0,15.113],[0,0],[0,0],[0,0],[0,0],[15.113,0],[0,0],[0,-15.114]],"v":[[56.951,-58.444],[-56.95,-58.444],[-84.315,-31.078],[-84.315,9.925],[-56.95,37.29],[17.141,37.29],[5.014,58.444],[40.12,37.29],[56.951,37.29],[84.315,9.925],[84.315,-31.078]],"c":true},"ix":2},"nm":"Path 1","mn":"ADBE Vector Shape - Group","hd":false},{"ty":"fl","c":{"a":0,"k":[1,0.285628584319,0.23137253406,1],"ix":4},"o":{"a":0,"k":100,"ix":5},"r":1,"bm":0,"nm":"Fill 1","mn":"ADBE Vector Graphic - Fill","hd":false},{"ty":"tr","p":{"a":0,"k":[84.565,58.694],"ix":2},"a":{"a":0,"k":[0,0],"ix":1},"s":{"a":0,"k":[100,100],"ix":3},"r":{"a":0,"k":0,"ix":6},"o":{"a":0,"k":100,"ix":7},"sk":{"a":0,"k":0,"ix":4},"sa":{"a":0,"k":0,"ix":5},"nm":"Transform"}],"nm":"Group 1","np":2,"cix":2,"bm":0,"ix":1,"mn":"ADBE Vector Group","hd":false}],"ip":0,"op":300,"st":0,"bm":0},{"ddd":0,"ind":35,"ty":4,"nm":"Paper Plane","sr":1,"ks":{"o":{"a":1,"k":[{"i":{"x":[0.833],"y":[0.833]},"o":{"x":[0.167],"y":[0.167]},"t":106.248,"s":[100]},{"t":128.859375,"s":[0]}],"ix":11},"r":{"a":1,"k":[{"i":{"x":[0.833],"y":[0.833]},"o":{"x":[0.167],"y":[0.167]},"t":15,"s":[-13]},{"i":{"x":[0.833],"y":[0.833]},"o":{"x":[0.167],"y":[0.167]},"t":64,"s":[3]},{"i":{"x":[0.833],"y":[0.833]},"o":{"x":[0.167],"y":[0.167]},"t":89,"s":[29.802]},{"t":123,"s":[41]}],"ix":10},"p":{"a":1,"k":[{"i":{"x":0.287,"y":1},"o":{"x":0.142,"y":0},"t":15,"s":[665.065,693.085,0],"to":[98.216,-239.243,0],"ti":[-222.617,27.091,0]},{"t":187,"s":[1027.065,323.085,0]}],"ix":2},"a":{"a":0,"k":[30.387,36.712,0],"ix":1},"s":{"a":0,"k":[100,100,100],"ix":6}},"ao":0,"shapes":[{"ty":"gr","it":[{"ind":0,"ty":"sh","ix":1,"ks":{"a":0,"k":{"i":[[0,0],[0,0],[0,0]],"o":[[0,0],[0,0],[0,0]],"v":[[11.691,-28.044],[-13.007,28.044],[13.007,22.353]],"c":true},"ix":2},"nm":"Path 1","mn":"ADBE Vector Shape - Group","hd":false},{"ty":"fl","c":{"a":0,"k":[0.827000038297,0.588000009574,1,1],"ix":4},"o":{"a":0,"k":100,"ix":5},"r":1,"bm":0,"nm":"Fill 1","mn":"ADBE Vector Graphic - Fill","hd":false},{"ty":"tr","p":{"a":0,"k":[47.517,28.294],"ix":2},"a":{"a":0,"k":[0,0],"ix":1},"s":{"a":0,"k":[100,100],"ix":3},"r":{"a":0,"k":0,"ix":6},"o":{"a":0,"k":100,"ix":7},"sk":{"a":0,"k":0,"ix":4},"sa":{"a":0,"k":0,"ix":5},"nm":"Transform"}],"nm":"Group 1","np":2,"cix":2,"bm":0,"ix":1,"mn":"ADBE Vector Group","hd":false},{"ty":"gr","it":[{"ind":0,"ty":"sh","ix":1,"ks":{"a":0,"k":{"i":[[0,0],[0,0],[0,0]],"o":[[0,0],[0,0],[0,0]],"v":[[29.479,-31.684],[-29.479,31.684],[-7.494,28.529]],"c":true},"ix":2},"nm":"Path 1","mn":"ADBE Vector Shape - Group","hd":false},{"ty":"fl","c":{"a":0,"k":[0.827000038297,0.588000009574,1,1],"ix":4},"o":{"a":0,"k":100,"ix":5},"r":1,"bm":0,"nm":"Fill 1","mn":"ADBE Vector Graphic - Fill","hd":false},{"ty":"tr","p":{"a":0,"k":[29.729,31.934],"ix":2},"a":{"a":0,"k":[0,0],"ix":1},"s":{"a":0,"k":[100,100],"ix":3},"r":{"a":0,"k":0,"ix":6},"o":{"a":0,"k":100,"ix":7},"sk":{"a":0,"k":0,"ix":4},"sa":{"a":0,"k":0,"ix":5},"nm":"Transform"}],"nm":"Group 2","np":2,"cix":2,"bm":0,"ix":2,"mn":"ADBE Vector Group","hd":false},{"ty":"gr","it":[{"ind":0,"ty":"sh","ix":1,"ks":{"a":0,"k":{"i":[[0,0],[0,0],[0,0]],"o":[[0,0],[0,0],[0,0]],"v":[[12.349,-36.462],[-12.349,19.625],[-2.16,36.462]],"c":true},"ix":2},"nm":"Path 1","mn":"ADBE Vector Shape - Group","hd":false},{"ty":"fl","c":{"a":0,"k":[0.870999983245,0.313999998803,0.987999949736,1],"ix":4},"o":{"a":0,"k":100,"ix":5},"r":1,"bm":0,"nm":"Fill 1","mn":"ADBE Vector Graphic - Fill","hd":false},{"ty":"tr","p":{"a":0,"k":[46.859,36.712],"ix":2},"a":{"a":0,"k":[0,0],"ix":1},"s":{"a":0,"k":[100,100],"ix":3},"r":{"a":0,"k":0,"ix":6},"o":{"a":0,"k":100,"ix":7},"sk":{"a":0,"k":0,"ix":4},"sa":{"a":0,"k":0,"ix":5},"nm":"Transform"}],"nm":"Group 3","np":2,"cix":2,"bm":0,"ix":3,"mn":"ADBE Vector Group","hd":false},{"ty":"gr","it":[{"ind":0,"ty":"sh","ix":1,"ks":{"a":0,"k":{"i":[[0,0],[0,0],[0,0]],"o":[[0,0],[0,0],[0,0]],"v":[[18.487,-36.462],[-18.487,23.751],[3.977,36.462]],"c":true},"ix":2},"nm":"Path 1","mn":"ADBE Vector Shape - Group","hd":false},{"ty":"fl","c":{"a":0,"k":[0.481999984442,0.059000000299,0.560999971278,1],"ix":4},"o":{"a":0,"k":100,"ix":5},"r":1,"bm":0,"nm":"Fill 1","mn":"ADBE Vector Graphic - Fill","hd":false},{"ty":"tr","p":{"a":0,"k":[40.721,36.712],"ix":2},"a":{"a":0,"k":[0,0],"ix":1},"s":{"a":0,"k":[100,100],"ix":3},"r":{"a":0,"k":0,"ix":6},"o":{"a":0,"k":100,"ix":7},"sk":{"a":0,"k":0,"ix":4},"sa":{"a":0,"k":0,"ix":5},"nm":"Transform"}],"nm":"Group 4","np":2,"cix":2,"bm":0,"ix":4,"mn":"ADBE Vector Group","hd":false}],"ip":0,"op":300,"st":0,"bm":0},{"ddd":0,"ind":38,"ty":4,"nm":"Papper plan left","sr":1,"ks":{"o":{"a":1,"k":[{"i":{"x":[0.833],"y":[0.833]},"o":{"x":[0.167],"y":[0.167]},"t":105,"s":[100]},{"t":127.611328125,"s":[0]}],"ix":11},"r":{"a":1,"k":[{"i":{"x":[0.833],"y":[0.833]},"o":{"x":[0.167],"y":[0.167]},"t":34,"s":[42]},{"i":{"x":[0.833],"y":[0.833]},"o":{"x":[0.167],"y":[0.167]},"t":68,"s":[13]},{"t":115,"s":[-21]}],"ix":10},"p":{"a":1,"k":[{"i":{"x":0.667,"y":1},"o":{"x":0.117,"y":0},"t":34,"s":[477.831,779.672,0],"to":[-69.333,-235.833,0],"ti":[187.333,30.833,0]},{"t":134,"s":[73.831,443.672,0]}],"ix":2},"a":{"a":0,"k":[41.955,27.515,0],"ix":1},"s":{"a":0,"k":[100,100,100],"ix":6}},"ao":0,"shapes":[{"ty":"gr","it":[{"ind":0,"ty":"sh","ix":1,"ks":{"a":0,"k":{"i":[[0,0],[0,0],[0,0]],"o":[[0,0],[0,0],[0,0]],"v":[[-25.205,-21.812],[25.205,13.039],[0.062,21.812]],"c":true},"ix":2},"nm":"Path 1","mn":"ADBE Vector Shape - Group","hd":false},{"ty":"fl","c":{"a":0,"k":[0.827000038297,0.588000009574,1,1],"ix":4},"o":{"a":0,"k":100,"ix":5},"r":1,"bm":0,"nm":"Fill 1","mn":"ADBE Vector Graphic - Fill","hd":false},{"ty":"tr","p":{"a":0,"k":[25.455,22.062],"ix":2},"a":{"a":0,"k":[0,0],"ix":1},"s":{"a":0,"k":[100,100],"ix":3},"r":{"a":0,"k":0,"ix":6},"o":{"a":0,"k":100,"ix":7},"sk":{"a":0,"k":0,"ix":4},"sa":{"a":0,"k":0,"ix":5},"nm":"Transform"}],"nm":"Group 1","np":2,"cix":2,"bm":0,"ix":1,"mn":"ADBE Vector Group","hd":false},{"ty":"gr","it":[{"ind":0,"ty":"sh","ix":1,"ks":{"a":0,"k":{"i":[[0,0],[0,0],[0,0]],"o":[[0,0],[0,0],[0,0]],"v":[[-41.705,-15.969],[41.705,7.145],[21.322,15.969]],"c":true},"ix":2},"nm":"Path 1","mn":"ADBE Vector Shape - Group","hd":false},{"ty":"fl","c":{"a":0,"k":[0.827000038297,0.588000009574,1,1],"ix":4},"o":{"a":0,"k":100,"ix":5},"r":1,"bm":0,"nm":"Fill 1","mn":"ADBE Vector Graphic - Fill","hd":false},{"ty":"tr","p":{"a":0,"k":[41.955,16.219],"ix":2},"a":{"a":0,"k":[0,0],"ix":1},"s":{"a":0,"k":[100,100],"ix":3},"r":{"a":0,"k":0,"ix":6},"o":{"a":0,"k":100,"ix":7},"sk":{"a":0,"k":0,"ix":4},"sa":{"a":0,"k":0,"ix":5},"nm":"Transform"}],"nm":"Group 2","np":2,"cix":2,"bm":0,"ix":2,"mn":"ADBE Vector Group","hd":false},{"ty":"gr","it":[{"ind":0,"ty":"sh","ix":1,"ks":{"a":0,"k":{"i":[[0,0],[0,0],[0,0]],"o":[[0,0],[0,0],[0,0]],"v":[[-25.273,-27.265],[25.137,7.586],[25.273,27.265]],"c":true},"ix":2},"nm":"Path 1","mn":"ADBE Vector Shape - Group","hd":false},{"ty":"fl","c":{"a":0,"k":[0.870999983245,0.313999998803,0.987999949736,1],"ix":4},"o":{"a":0,"k":100,"ix":5},"r":1,"bm":0,"nm":"Fill 1","mn":"ADBE Vector Graphic - Fill","hd":false},{"ty":"tr","p":{"a":0,"k":[25.523,27.515],"ix":2},"a":{"a":0,"k":[0,0],"ix":1},"s":{"a":0,"k":[100,100],"ix":3},"r":{"a":0,"k":0,"ix":6},"o":{"a":0,"k":100,"ix":7},"sk":{"a":0,"k":0,"ix":4},"sa":{"a":0,"k":0,"ix":5},"nm":"Transform"}],"nm":"Group 3","np":2,"cix":2,"bm":0,"ix":3,"mn":"ADBE Vector Group","hd":false},{"ty":"gr","it":[{"ind":0,"ty":"sh","ix":1,"ks":{"a":0,"k":{"i":[[0,0],[0,0],[0,0]],"o":[[0,0],[0,0],[0,0]],"v":[[-31.514,-27.265],[31.514,4.672],[19.033,27.265]],"c":true},"ix":2},"nm":"Path 1","mn":"ADBE Vector Shape - Group","hd":false},{"ty":"fl","c":{"a":0,"k":[0.481999984442,0.059000000299,0.560999971278,1],"ix":4},"o":{"a":0,"k":100,"ix":5},"r":1,"bm":0,"nm":"Fill 1","mn":"ADBE Vector Graphic - Fill","hd":false},{"ty":"tr","p":{"a":0,"k":[31.763,27.515],"ix":2},"a":{"a":0,"k":[0,0],"ix":1},"s":{"a":0,"k":[100,100],"ix":3},"r":{"a":0,"k":0,"ix":6},"o":{"a":0,"k":100,"ix":7},"sk":{"a":0,"k":0,"ix":4},"sa":{"a":0,"k":0,"ix":5},"nm":"Transform"}],"nm":"Group 4","np":2,"cix":2,"bm":0,"ix":4,"mn":"ADBE Vector Group","hd":false}],"ip":24,"op":324,"st":24,"bm":0},{"ddd":0,"ind":40,"ty":4,"nm":"Leaf right 1","sr":1,"ks":{"o":{"a":0,"k":100,"ix":11},"r":{"a":1,"k":[{"i":{"x":[0.431],"y":[1]},"o":{"x":[0.167],"y":[0]},"t":5,"s":[-69]},{"i":{"x":[0.667],"y":[1.036]},"o":{"x":[0.248],"y":[0]},"t":35,"s":[4]},{"i":{"x":[0.667],"y":[-0.393]},"o":{"x":[0.167],"y":[0]},"t":50,"s":[0]},{"i":{"x":[0.833],"y":[1]},"o":{"x":[0.756],"y":[0]},"t":197,"s":[0]},{"t":234,"s":[-69]}],"ix":10},"p":{"a":0,"k":[669.438,842.507,0],"ix":2},"a":{"a":0,"k":[5.608,126.755,0],"ix":1},"s":{"a":0,"k":[100,100,100],"ix":6}},"ao":0,"shapes":[{"ty":"gr","it":[{"ind":0,"ty":"sh","ix":1,"ks":{"a":0,"k":{"i":[[0,0],[-7.028,3.445],[-6.732,4.009],[-13.069,8.698],[-13.483,8.126],[-6.939,3.727],[-7.24,3.102],[0,0],[13.158,-8.536],[13.27,-8.42],[13.741,-7.69],[7.187,-3.229],[7.694,-1.712]],"o":[[7.593,-1.949],[7.037,-3.438],[13.489,-7.983],[13.077,-8.686],[6.736,-4.068],[6.926,-3.752],[0,0],[-13.506,8.057],[-13.132,8.563],[-13.289,8.386],[-6.889,3.805],[-7.175,3.234],[0,0]],"v":[[-81.727,46.32],[-59.834,37.924],[-39.226,26.643],[0.427,1.309],[39.843,-24.568],[60.316,-36.342],[81.555,-46.691],[81.727,-46.351],[41.862,-21.348],[2.083,3.859],[-38.28,28.292],[-59.352,38.958],[-81.643,46.691]],"c":true},"ix":2},"nm":"Path 1","mn":"ADBE Vector Shape - Group","hd":false},{"ty":"fl","c":{"a":0,"k":[0.991999966491,0.917999985639,0.694000004787,1],"ix":4},"o":{"a":0,"k":100,"ix":5},"r":1,"bm":0,"nm":"Fill 1","mn":"ADBE Vector Graphic - Fill","hd":false},{"ty":"tr","p":{"a":0,"k":[88.233,77.978],"ix":2},"a":{"a":0,"k":[0,0],"ix":1},"s":{"a":0,"k":[100,100],"ix":3},"r":{"a":0,"k":0,"ix":6},"o":{"a":0,"k":100,"ix":7},"sk":{"a":0,"k":0,"ix":4},"sa":{"a":0,"k":0,"ix":5},"nm":"Transform"}],"nm":"Group 1","np":2,"cix":2,"bm":0,"ix":1,"mn":"ADBE Vector Group","hd":false},{"ty":"gr","it":[{"ind":0,"ty":"sh","ix":1,"ks":{"a":0,"k":{"i":[[0,0],[-7.624,-0.489],[-8.224,13.295],[0,0],[-9.946,2.76],[0,0],[10.05,-0.993],[0,0],[-5.915,9.541],[11.58,-3.803],[0,0],[-5.325,9.586],[14.273,-13.219],[0,0],[-2.503,8.464],[15.731,-20.509],[0,0],[0,0],[-24.263,16.363]],"o":[[21.38,6.938],[13.473,-10.83],[-27.865,4.611],[17.597,4.82],[19.259,-33.916],[-11.716,-0.003],[-11.566,14.217],[3.316,-10.356],[-14.554,1.787],[-12.335,14.144],[3.16,-12.684],[-19.76,7.814],[-6.446,14.891],[0.606,-7.338],[-15.627,15.651],[0,0],[0,0],[43.655,7.201],[-7.04,-7.836]],"v":[[1.143,27.576],[38.692,39.385],[70.954,2.208],[27.05,-1.533],[74.365,-3.562],[98.358,-71.002],[65.772,-69.497],[42.608,-35.443],[59.528,-68.801],[20.518,-60.363],[-6.312,-17.2],[11.343,-57.049],[-38.56,-25.175],[-49.958,5.633],[-44.609,-19.347],[-89.995,35.357],[-98.358,56.323],[-70.087,63.803],[30.43,45.49]],"c":true},"ix":2},"nm":"Path 1","mn":"ADBE Vector Shape - Group","hd":false},{"ty":"fl","c":{"a":0,"k":[0.957000014361,0.827000038297,0.493999974868,1],"ix":4},"o":{"a":0,"k":100,"ix":5},"r":1,"bm":0,"nm":"Fill 1","mn":"ADBE Vector Graphic - Fill","hd":false},{"ty":"tr","p":{"a":0,"k":[98.608,71.255],"ix":2},"a":{"a":0,"k":[0,0],"ix":1},"s":{"a":0,"k":[100,100],"ix":3},"r":{"a":0,"k":0,"ix":6},"o":{"a":0,"k":100,"ix":7},"sk":{"a":0,"k":0,"ix":4},"sa":{"a":0,"k":0,"ix":5},"nm":"Transform"}],"nm":"Group 2","np":2,"cix":2,"bm":0,"ix":2,"mn":"ADBE Vector Group","hd":false}],"ip":0,"op":300,"st":0,"bm":0},{"ddd":0,"ind":43,"ty":4,"nm":"Leaf Right 2","sr":1,"ks":{"o":{"a":0,"k":100,"ix":11},"r":{"a":1,"k":[{"i":{"x":[0.431],"y":[1]},"o":{"x":[0.167],"y":[0]},"t":11,"s":[-86]},{"i":{"x":[0.667],"y":[1.036]},"o":{"x":[0.248],"y":[0]},"t":41,"s":[4]},{"i":{"x":[0.667],"y":[-0.26]},"o":{"x":[0.167],"y":[0]},"t":56,"s":[0]},{"i":{"x":[0.833],"y":[1]},"o":{"x":[0.756],"y":[0]},"t":189,"s":[0]},{"t":226,"s":[-69]}],"ix":10},"p":{"a":0,"k":[702.225,778.217,0],"ix":2},"a":{"a":0,"k":[5.762,187.684,0],"ix":1},"s":{"a":0,"k":[100,100,100],"ix":6}},"ao":0,"shapes":[{"ty":"gr","it":[{"ind":0,"ty":"sh","ix":1,"ks":{"a":0,"k":{"i":[[9.716,-12.414],[5.402,-5.751],[6.489,-4.524],[0,0],[-5.167,5.893],[-4.663,6.309],[-8.683,13.102],[-9.299,12.726],[-4.97,6.124],[-5.504,5.653],[0,0],[8.83,-12.985],[8.982,-12.919]],"o":[[-4.892,6.179],[-5.389,5.752],[0,0],[6.299,-4.708],[5.178,-5.889],[9.363,-12.593],[8.693,-13.096],[4.642,-6.365],[4.947,-6.14],[0,0],[-9.349,12.67],[-8.795,13.001],[-9.014,12.895]],"v":[[-24.286,40.998],[-39.64,58.983],[-57.319,74.685],[-57.548,74.37],[-40.509,58.199],[-25.835,39.814],[0.934,1.046],[27.262,-38.141],[41.611,-56.935],[57.251,-74.685],[57.548,-74.433],[30.447,-35.894],[3.509,2.804]],"c":true},"ix":2},"nm":"Path 1","mn":"ADBE Vector Shape - Group","hd":false},{"ty":"fl","c":{"a":0,"k":[0.470999983245,0.383999992819,0.925,1],"ix":4},"o":{"a":0,"k":100,"ix":5},"r":1,"bm":0,"nm":"Fill 1","mn":"ADBE Vector Graphic - Fill","hd":false},{"ty":"tr","p":{"a":0,"k":[62.975,114.303],"ix":2},"a":{"a":0,"k":[0,0],"ix":1},"s":{"a":0,"k":[100,100],"ix":3},"r":{"a":0,"k":0,"ix":6},"o":{"a":0,"k":100,"ix":7},"sk":{"a":0,"k":0,"ix":4},"sa":{"a":0,"k":0,"ix":5},"nm":"Transform"}],"nm":"Group 1","np":2,"cix":2,"bm":0,"ix":1,"mn":"ADBE Vector Group","hd":false},{"ty":"gr","it":[{"ind":0,"ty":"sh","ix":1,"ks":{"a":0,"k":{"i":[[0,0],[0,0],[-6.396,9.785],[0,0],[-7.313,2.436],[-2.302,15.568],[0,0],[-8.166,6.358],[0,0],[8.978,-4.745],[0,0],[-1.665,11.177],[9.271,-7.956],[0,0],[-1.096,10.995],[7.981,-17.792],[0,0],[1.084,8.872],[6.394,-25.17],[0,0],[0,0],[-16.037,13.997]],"o":[[0,0],[11.418,-11.131],[-9.736,-4.662],[22.295,-7.538],[8.198,-15.253],[-24.139,14.896],[15.009,-7.54],[4.271,-39.06],[-10.935,4.445],[-5.049,17.698],[-1.09,-10.954],[-12.859,7.199],[-5.796,17.924],[-2.174,-13.072],[-15.283,14.817],[0,16.387],[-2.4,-7.098],[-8.261,20.582],[0,0],[0,0],[22.585,-5.088],[0,0]],"v":[[-1.217,64.292],[23.915,55.001],[50.851,22.406],[18.861,23.359],[56.095,13.556],[66.888,-35.974],[35.996,-19.003],[67.741,-42.669],[60.787,-96.934],[17.946,-74.575],[10.089,-33.902],[12.401,-71.553],[-7.555,-57.424],[-15.155,-6.835],[-14.777,-50.837],[-48.47,-2.057],[-46.659,31.109],[-51.76,5.697],[-72.012,74.134],[-71.347,96.934],[-41.944,93.202],[16.433,61.901]],"c":true},"ix":2},"nm":"Path 1","mn":"ADBE Vector Shape - Group","hd":false},{"ty":"fl","c":{"a":0,"k":[0.654999976065,0.588000009574,1,1],"ix":4},"o":{"a":0,"k":100,"ix":5},"r":1,"bm":0,"nm":"Fill 1","mn":"ADBE Vector Graphic - Fill","hd":false},{"ty":"tr","p":{"a":0,"k":[72.262,97.184],"ix":2},"a":{"a":0,"k":[0,0],"ix":1},"s":{"a":0,"k":[100,100],"ix":3},"r":{"a":0,"k":0,"ix":6},"o":{"a":0,"k":100,"ix":7},"sk":{"a":0,"k":0,"ix":4},"sa":{"a":0,"k":0,"ix":5},"nm":"Transform"}],"nm":"Group 2","np":2,"cix":2,"bm":0,"ix":2,"mn":"ADBE Vector Group","hd":false},{"ty":"gr","it":[{"ind":0,"ty":"sh","ix":1,"ks":{"a":0,"k":{"i":[[0,0],[-2.299,2.237]],"o":[[2.481,-2.172],[0,0]],"v":[[-3.587,3.31],[3.587,-3.31]],"c":true},"ix":2},"nm":"Path 1","mn":"ADBE Vector Shape - Group","hd":false},{"ty":"fl","c":{"a":0,"k":[0.654999976065,0.588000009574,1,1],"ix":4},"o":{"a":0,"k":100,"ix":5},"r":1,"bm":0,"nm":"Fill 1","mn":"ADBE Vector Graphic - Fill","hd":false},{"ty":"tr","p":{"a":0,"k":[92.499,155.585],"ix":2},"a":{"a":0,"k":[0,0],"ix":1},"s":{"a":0,"k":[100,100],"ix":3},"r":{"a":0,"k":0,"ix":6},"o":{"a":0,"k":100,"ix":7},"sk":{"a":0,"k":0,"ix":4},"sa":{"a":0,"k":0,"ix":5},"nm":"Transform"}],"nm":"Group 3","np":2,"cix":2,"bm":0,"ix":3,"mn":"ADBE Vector Group","hd":false}],"ip":0,"op":300,"st":0,"bm":0},{"ddd":0,"ind":44,"ty":4,"nm":"Leaf Right 3","sr":1,"ks":{"o":{"a":0,"k":100,"ix":11},"r":{"a":1,"k":[{"i":{"x":[0.431],"y":[1]},"o":{"x":[0.333],"y":[0]},"t":18,"s":[-64]},{"i":{"x":[0.667],"y":[1.036]},"o":{"x":[0.248],"y":[0]},"t":48,"s":[4]},{"i":{"x":[0.667],"y":[-0.147]},"o":{"x":[0.167],"y":[0]},"t":63,"s":[0]},{"i":{"x":[0.833],"y":[1]},"o":{"x":[0.756],"y":[0]},"t":184,"s":[0]},{"t":221,"s":[-69]}],"ix":10},"p":{"a":0,"k":[693.705,742.481,0],"ix":2},"a":{"a":0,"k":[11.651,161.239,0],"ix":1},"s":{"a":0,"k":[100,100,100],"ix":6}},"ao":0,"shapes":[{"ty":"gr","it":[{"ind":0,"ty":"sh","ix":1,"ks":{"a":0,"k":{"i":[[-3.557,11.089],[-3.379,11.117],[-3.843,11.004],[0,0],[2.156,-5.424],[1.892,-5.517],[3.286,-11.161],[3.869,-10.953],[2.375,-5.297],[3.426,-4.705],[0,0],[-2.554,5.245],[-2.109,5.438]],"o":[[3.529,-11.1],[3.407,-11.113],[0,0],[-2.656,5.199],[-2.177,5.417],[-3.796,11.031],[-3.277,11.164],[-1.92,5.48],[-2.366,5.297],[0,0],[3.6,-4.617],[2.564,-5.248],[4.159,-10.902]],"v":[[-3.928,14.199],[6.666,-19.055],[17.411,-52.233],[17.145,-52.345],[9.964,-36.374],[3.922,-19.947],[-6.133,13.518],[-16.594,46.786],[-22.953,62.994],[-31.469,78.153],[-31.24,78.326],[-22.169,63.359],[-15.24,47.284]],"c":true},"ix":2},"nm":"Path 1","mn":"ADBE Vector Shape - Group","hd":false},{"ind":1,"ty":"sh","ix":2,"ks":{"a":0,"k":{"i":[[0,0],[14.86,-8.534],[0,0],[0,0],[-1.345,16.362],[-3.248,-4.497],[3.581,11.588],[-7.57,13.818],[-4.394,-8.77],[-0.183,13.943],[-7.521,7.9],[-3.163,-7.508],[0.296,13.62],[-6.762,5.533],[-5.514,-28.556],[8.966,-8.613],[-13.817,15.808],[2.465,-12.579],[14.12,-10.203],[-7.903,-1.17],[5.643,-10.366],[0,0]],"o":[[-8.283,13.403],[0,0],[0,0],[-0.979,-19.198],[2.705,6.038],[0,0],[1.756,-14.327],[1.627,8.015],[0,0],[4.817,-7.652],[1.265,8.268],[0,0],[5.311,-5.317],[0,0],[-4.384,6.282],[0,0],[1.773,11.512],[-4.638,3.321],[0,0],[-2.385,8.317],[0,0],[0,0]],"v":[[20.953,39.033],[-13.492,73.926],[-33.471,82.989],[-38.924,67.011],[-39.557,14.185],[-30.396,31.044],[-38.924,7.984],[-25.755,-33.877],[-16.407,-2.676],[-22.086,-40.114],[-11.062,-54.466],[-4.471,-27.335],[-7.799,-57.816],[17.612,-82.989],[34.386,-46.133],[17.109,-22.458],[35.247,-41.21],[38.437,-3.824],[14.247,11.246],[36.662,3.581],[24.735,32.517],[8.992,44.581]],"c":true},"ix":2},"nm":"Path 2","mn":"ADBE Vector Shape - Group","hd":false},{"ind":2,"ty":"sh","ix":3,"ks":{"a":0,"k":{"i":[[0,0],[1.279,-2.079]],"o":[[-1.137,2.085],[0,0]],"v":[[24.69,32.601],[21.065,38.852]],"c":true},"ix":2},"nm":"Path 3","mn":"ADBE Vector Shape - Group","hd":false},{"ty":"mm","mm":1,"nm":"Merge Paths 1","mn":"ADBE Vector Filter - Merge","hd":false},{"ty":"fl","c":{"a":0,"k":[0.987999949736,0.556999954523,0.325,1],"ix":4},"o":{"a":0,"k":100,"ix":5},"r":1,"bm":0,"nm":"Fill 1","mn":"ADBE Vector Graphic - Fill","hd":false},{"ty":"tr","p":{"a":0,"k":[41.151,83.239],"ix":2},"a":{"a":0,"k":[0,0],"ix":1},"s":{"a":0,"k":[100,100],"ix":3},"r":{"a":0,"k":0,"ix":6},"o":{"a":0,"k":100,"ix":7},"sk":{"a":0,"k":0,"ix":4},"sa":{"a":0,"k":0,"ix":5},"nm":"Transform"}],"nm":"Group 1","np":5,"cix":2,"bm":0,"ix":1,"mn":"ADBE Vector Group","hd":false}],"ip":0,"op":300,"st":0,"bm":0},{"ddd":0,"ind":46,"ty":4,"nm":"Leaf 1","sr":1,"ks":{"o":{"a":0,"k":100,"ix":11},"r":{"a":1,"k":[{"i":{"x":[0.431],"y":[1]},"o":{"x":[0.333],"y":[0]},"t":5,"s":[64]},{"i":{"x":[0.667],"y":[0.964]},"o":{"x":[0.248],"y":[0]},"t":35,"s":[-4]},{"i":{"x":[0.667],"y":[-0.355]},"o":{"x":[0.167],"y":[0]},"t":50,"s":[0]},{"i":{"x":[0.667],"y":[1]},"o":{"x":[0.662],"y":[0]},"t":193,"s":[0]},{"t":230,"s":[64]}],"ix":10},"p":{"a":0,"k":[446.255,834.969,0],"ix":2},"a":{"a":0,"k":[221.56,213.431,0],"ix":1},"s":{"a":0,"k":[100,100,100],"ix":6}},"ao":0,"shapes":[{"ty":"gr","it":[{"ind":0,"ty":"sh","ix":1,"ks":{"a":0,"k":{"i":[[0,0],[6.774,7.916],[7.338,7.287],[15.341,13.762],[14.813,14.55],[7.08,7.679],[6.443,8.342],[0,0],[-15.181,-13.947],[-15.084,-14.145],[-14.388,-15.076],[-6.574,-8.219],[-4.95,-9.529]],"o":[[-5.196,-9.295],[-6.769,-7.93],[-14.645,-14.62],[-15.332,-13.774],[-7.411,-7.266],[-7.103,-7.651],[0,0],[14.739,14.612],[15.204,13.9],[15.052,14.183],[7.154,7.58],[6.579,8.199],[0,0]],"v":[[86.257,89.423],[67.951,63.785],[46.674,41.069],[1.39,-1.124],[-44.455,-42.771],[-66.271,-65.102],[-86.669,-89.051],[-86.327,-89.423],[-41.36,-46.808],[3.818,-4.396],[48.291,39.118],[69.007,62.711],[86.669,89.155]],"c":true},"ix":2},"nm":"Path 1","mn":"ADBE Vector Shape - Group","hd":false},{"ty":"fl","c":{"a":0,"k":[0.470999983245,0.383999992819,0.925,1],"ix":4},"o":{"a":0,"k":100,"ix":5},"r":1,"bm":0,"nm":"Fill 1","mn":"ADBE Vector Graphic - Fill","hd":false},{"ty":"tr","p":{"a":0,"k":[134.33,120.232],"ix":2},"a":{"a":0,"k":[0,0],"ix":1},"s":{"a":0,"k":[100,100],"ix":3},"r":{"a":0,"k":0,"ix":6},"o":{"a":0,"k":100,"ix":7},"sk":{"a":0,"k":0,"ix":4},"sa":{"a":0,"k":0,"ix":5},"nm":"Transform"}],"nm":"Group 1","np":2,"cix":2,"bm":0,"ix":1,"mn":"ADBE Vector Group","hd":false},{"ty":"gr","it":[{"ind":0,"ty":"sh","ix":1,"ks":{"a":0,"k":{"i":[[0,0],[2.287,10.357],[19.021,5.381],[0,0],[7.053,12.088],[0,0],[-4.976,-12.966],[0,0],[13.657,3.879],[-8.917,-13.828],[0,0],[13.488,3.075],[-21.211,-13.47],[0,0],[11.08,-0.214],[-30.491,-12.355],[0,0],[0,0],[28.741,25.455]],"o":[[0.254,-31.378],[-18.048,-13.406],[16.022,35.174],[-0.858,-25.454],[-47.878,-11.438],[4.411,15.603],[21.386,9.446],[-13.653,-0.078],[7.624,18.632],[21.589,10.5],[-16.381,1.106],[16.805,23.041],[20.263,2.345],[-9.017,2.268],[24.632,14.253],[0,0],[0,0],[-7.824,-61.153],[-6.732,12.658]],"v":[[41.388,-12.28],[41.383,-67.231],[-15.301,-94.617],[-3.239,-34.584],[-23.498,-96.743],[-113.31,-100.44],[-99.23,-57.675],[-49.715,-41.095],[-96.044,-49.651],[-71.238,-1.238],[-9.433,16.407],[-63.811,9.591],[-6.832,62.694],[34.362,64.964],[2.428,68.308],[85.05,105.827],[113.31,108.181],[111.617,67.4],[51.807,-58.787]],"c":true},"ix":2},"nm":"Path 1","mn":"ADBE Vector Shape - Group","hd":false},{"ty":"fl","c":{"a":0,"k":[0.654999976065,0.588000009574,1,1],"ix":4},"o":{"a":0,"k":100,"ix":5},"r":1,"bm":0,"nm":"Fill 1","mn":"ADBE Vector Graphic - Fill","hd":false},{"ty":"tr","p":{"a":0,"k":[113.56,108.431],"ix":2},"a":{"a":0,"k":[0,0],"ix":1},"s":{"a":0,"k":[100,100],"ix":3},"r":{"a":0,"k":0,"ix":6},"o":{"a":0,"k":100,"ix":7},"sk":{"a":0,"k":0,"ix":4},"sa":{"a":0,"k":0,"ix":5},"nm":"Transform"}],"nm":"Group 2","np":2,"cix":2,"bm":0,"ix":2,"mn":"ADBE Vector Group","hd":false}],"ip":0,"op":300,"st":0,"bm":0},{"ddd":0,"ind":48,"ty":4,"nm":"Leaf 2","sr":1,"ks":{"o":{"a":0,"k":100,"ix":11},"r":{"a":1,"k":[{"i":{"x":[0.431],"y":[1]},"o":{"x":[0.333],"y":[0]},"t":8,"s":[64]},{"i":{"x":[0.667],"y":[0.964]},"o":{"x":[0.248],"y":[0]},"t":38,"s":[-4]},{"i":{"x":[0.667],"y":[-0.241]},"o":{"x":[0.167],"y":[0]},"t":53,"s":[0]},{"i":{"x":[0.667],"y":[1]},"o":{"x":[0.662],"y":[0]},"t":184,"s":[0]},{"t":221,"s":[64]}],"ix":10},"p":{"a":0,"k":[425.829,715.915,0],"ix":2},"a":{"a":0,"k":[129.407,212.603,0],"ix":1},"s":{"a":0,"k":[100,100,100],"ix":6}},"ao":0,"shapes":[{"ty":"gr","it":[{"ind":0,"ty":"sh","ix":1,"ks":{"a":0,"k":{"i":[[-8.119,-15.083],[-3.45,-7.916],[-1.942,-8.531],[0,0],[3.663,7.731],[4.22,7.384],[9.111,14.3],[8.55,14.781],[3.944,7.624],[3.324,7.979],[0,0],[-8.952,-14.406],[-8.839,-14.534]],"o":[[4.021,7.564],[3.457,7.901],[0,0],[-2.178,-8.411],[-3.656,-7.741],[-8.408,-14.793],[-9.102,-14.31],[-4.28,-7.384],[-3.968,-7.605],[0,0],[8.482,14.81],[8.979,14.375],[8.806,14.557]],"v":[[29.514,41.794],[40.836,64.962],[49.247,89.587],[48.879,89.694],[39.813,65.535],[27.888,42.904],[1.301,-0.52],[-25.826,-43.661],[-38.24,-66.125],[-49.247,-89.491],[-48.913,-89.694],[-22.652,-46.021],[3.811,-2.452]],"c":true},"ix":2},"nm":"Path 1","mn":"ADBE Vector Shape - Group","hd":false},{"ty":"fl","c":{"a":0,"k":[0.995999983245,0.952999997606,0.976000019148,1],"ix":4},"o":{"a":0,"k":100,"ix":5},"r":1,"bm":0,"nm":"Fill 1","mn":"ADBE Vector Graphic - Fill","hd":false},{"ty":"tr","p":{"a":0,"k":[81.444,124.388],"ix":2},"a":{"a":0,"k":[0,0],"ix":1},"s":{"a":0,"k":[100,100],"ix":3},"r":{"a":0,"k":0,"ix":6},"o":{"a":0,"k":100,"ix":7},"sk":{"a":0,"k":0,"ix":4},"sa":{"a":0,"k":0,"ix":5},"nm":"Transform"}],"nm":"Group 1","np":2,"cix":2,"bm":0,"ix":1,"mn":"ADBE Vector Group","hd":false},{"ty":"gr","it":[{"ind":0,"ty":"sh","ix":1,"ks":{"a":0,"k":{"i":[[0,0],[0,0],[6.836,10.589],[0,0],[-0.268,8.526],[13.585,8.74],[0,0],[3.061,11.01],[0,0],[-1.29,-11.184],[0,0],[9.751,6.287],[-4.154,-12.8],[0,0],[9.779,5.628],[-13.685,-15.496],[0,0],[8.57,2.514],[-21.046,-16.882],[0,0],[0,0],[7.403,22.239]],"o":[[0,0],[-6.347,-16.309],[-7.66,8.116],[0.719,-26.039],[-11.264,-14.682],[5.44,30.948],[-1.793,-18.539],[-34.607,-20.379],[0.338,13.077],[14.608,12.441],[-10.493,-3.361],[2.218,16.184],[14.559,13.301],[-12.825,-3.109],[8.42,21.797],[15.136,6.705],[-7.384,-0.434],[16.166,16.926],[0,0],[0,0],[3.083,-25.336],[0,0]],"v":[[55.904,24.791],[55.982,-4.887],[35.155,-45.956],[25.013,-12.63],[28.787,-54.977],[-13.244,-86.356],[-8.214,-47.605],[-19.136,-89.974],[-71.657,-105.018],[-65.766,-51.761],[-30.905,-27.028],[-64.886,-44.814],[-58.711,-18.487],[-14.6,10.037],[-55.116,-8.356],[-21.666,46.294],[9.593,58],[-15.639,52.854],[40.599,101.709],[61.889,110.353],[68.574,78.553],[59.778,5.641]],"c":true},"ix":2},"nm":"Path 1","mn":"ADBE Vector Shape - Group","hd":false},{"ty":"fl","c":{"a":0,"k":[0.957000014361,0.827000038297,0.493999974868,1],"ix":4},"o":{"a":0,"k":100,"ix":5},"r":1,"bm":0,"nm":"Fill 1","mn":"ADBE Vector Graphic - Fill","hd":false},{"ty":"tr","p":{"a":0,"k":[71.907,110.603],"ix":2},"a":{"a":0,"k":[0,0],"ix":1},"s":{"a":0,"k":[100,100],"ix":3},"r":{"a":0,"k":0,"ix":6},"o":{"a":0,"k":100,"ix":7},"sk":{"a":0,"k":0,"ix":4},"sa":{"a":0,"k":0,"ix":5},"nm":"Transform"}],"nm":"Group 2","np":2,"cix":2,"bm":0,"ix":2,"mn":"ADBE Vector Group","hd":false},{"ty":"gr","it":[{"ind":0,"ty":"sh","ix":1,"ks":{"a":0,"k":{"i":[[0,0],[1.275,3.283]],"o":[[-1.152,-3.443],[0,0]],"v":[[1.823,5.048],[-1.823,-5.048]],"c":true},"ix":2},"nm":"Path 1","mn":"ADBE Vector Shape - Group","hd":false},{"ty":"fl","c":{"a":0,"k":[0.957000014361,0.827000038297,0.493999974868,1],"ix":4},"o":{"a":0,"k":100,"ix":5},"r":1,"bm":0,"nm":"Fill 1","mn":"ADBE Vector Graphic - Fill","hd":false},{"ty":"tr","p":{"a":0,"k":[129.763,110.895],"ix":2},"a":{"a":0,"k":[0,0],"ix":1},"s":{"a":0,"k":[100,100],"ix":3},"r":{"a":0,"k":0,"ix":6},"o":{"a":0,"k":100,"ix":7},"sk":{"a":0,"k":0,"ix":4},"sa":{"a":0,"k":0,"ix":5},"nm":"Transform"}],"nm":"Group 3","np":2,"cix":2,"bm":0,"ix":3,"mn":"ADBE Vector Group","hd":false}],"ip":0,"op":300,"st":0,"bm":0},{"ddd":0,"ind":50,"ty":4,"nm":"Gear1","sr":1,"ks":{"o":{"a":0,"k":100,"ix":11},"r":{"a":1,"k":[{"i":{"x":[0.833],"y":[0.833]},"o":{"x":[0.167],"y":[0.167]},"t":0,"s":[360]},{"t":240,"s":[0]}],"ix":10},"p":{"a":0,"k":[398.67,385.622,0],"ix":2},"a":{"a":0,"k":[121.617,121.617,0],"ix":1},"s":{"a":0,"k":[100,100,100],"ix":6}},"ao":0,"shapes":[{"ty":"gr","it":[{"ind":0,"ty":"sh","ix":1,"ks":{"a":0,"k":{"i":[[33.565,0],[0,33.565],[-33.565,0],[0,-33.565]],"o":[[-33.565,0],[0,-33.565],[33.565,0],[0,33.565]],"v":[[0,60.775],[-60.775,0.001],[0,-60.775],[60.775,0.001]],"c":true},"ix":2},"nm":"Path 1","mn":"ADBE Vector Shape - Group","hd":false},{"ind":1,"ty":"sh","ix":2,"ks":{"a":0,"k":{"i":[[4.965,0],[0,0],[5.024,8.364],[0,0],[3.511,3.512],[0,0],[3.511,-3.511],[0,0],[9.715,2.425],[0,0],[4.965,0],[0,0],[0,-4.965],[0,0],[8.363,-5.024],[0,0],[3.51,-3.511],[0,0],[-3.511,-3.511],[0,0],[2.426,-9.716],[0,0],[0,-4.966],[0,0],[-4.965,0],[0,0],[-5.024,-8.363],[0,0],[-3.511,-3.511],[0,0],[-3.512,3.511],[0,0],[-9.715,-2.426],[0,0],[-4.965,0],[0,0],[0,4.965],[0,0],[-8.363,5.025],[0,0],[-3.51,3.511],[0,0],[3.511,3.51],[0,0],[-2.426,9.716],[0,0],[0,4.966],[0,0]],"o":[[0,0],[-2.426,-9.716],[0,0],[3.511,-3.511],[0,0],[-3.51,-3.511],[0,0],[-8.363,-5.024],[0,0],[0,-4.965],[0,0],[-4.965,0],[0,0],[-9.715,2.425],[0,0],[-3.512,-3.511],[0,0],[-3.511,3.512],[0,0],[-5.024,8.364],[0,0],[-4.965,0],[0,0],[0,4.966],[0,0],[2.426,9.716],[0,0],[-3.511,3.51],[0,0],[3.51,3.511],[0,0],[8.363,5.025],[0,0],[0,4.965],[0,0],[4.965,0],[0,0],[9.715,-2.426],[0,0],[3.511,3.511],[0,0],[3.511,-3.511],[0,0],[5.024,-8.363],[0,0],[4.965,0],[0,0],[0,-4.966]],"v":[[112.376,-24.395],[97.415,-24.395],[86.13,-51.629],[96.712,-62.212],[96.712,-74.926],[74.926,-96.712],[62.212,-96.712],[51.629,-86.129],[24.396,-97.415],[24.396,-112.376],[15.405,-121.366],[-15.405,-121.366],[-24.396,-112.376],[-24.396,-97.415],[-51.629,-86.129],[-62.211,-96.712],[-74.926,-96.712],[-96.712,-74.926],[-96.712,-62.212],[-86.13,-51.629],[-97.415,-24.395],[-112.376,-24.395],[-121.367,-15.405],[-121.367,15.405],[-112.376,24.396],[-97.415,24.396],[-86.13,51.629],[-96.712,62.212],[-96.712,74.926],[-74.926,96.712],[-62.211,96.712],[-51.629,86.129],[-24.396,97.415],[-24.396,112.376],[-15.405,121.366],[15.405,121.366],[24.396,112.376],[24.396,97.415],[51.629,86.129],[62.212,96.712],[74.926,96.712],[96.712,74.926],[96.712,62.212],[86.13,51.629],[97.415,24.396],[112.376,24.396],[121.367,15.405],[121.367,-15.405]],"c":true},"ix":2},"nm":"Path 2","mn":"ADBE Vector Shape - Group","hd":false},{"ty":"mm","mm":1,"nm":"Merge Paths 1","mn":"ADBE Vector Filter - Merge","hd":false},{"ty":"fl","c":{"a":0,"k":[1,0.478430893842,0,1],"ix":4},"o":{"a":0,"k":100,"ix":5},"r":1,"bm":0,"nm":"Fill 1","mn":"ADBE Vector Graphic - Fill","hd":false},{"ty":"tr","p":{"a":0,"k":[121.617,121.617],"ix":2},"a":{"a":0,"k":[0,0],"ix":1},"s":{"a":0,"k":[100,100],"ix":3},"r":{"a":0,"k":0,"ix":6},"o":{"a":0,"k":100,"ix":7},"sk":{"a":0,"k":0,"ix":4},"sa":{"a":0,"k":0,"ix":5},"nm":"Transform"}],"nm":"Group 1","np":4,"cix":2,"bm":0,"ix":1,"mn":"ADBE Vector Group","hd":false}],"ip":0,"op":300,"st":0,"bm":0},{"ddd":0,"ind":52,"ty":4,"nm":"Gear 2","sr":1,"ks":{"o":{"a":0,"k":100,"ix":11},"r":{"a":1,"k":[{"i":{"x":[0.833],"y":[0.833]},"o":{"x":[0.167],"y":[0.167]},"t":0,"s":[-360]},{"t":240,"s":[0]}],"ix":10},"p":{"a":0,"k":[719.439,540.384,0],"ix":2},"a":{"a":0,"k":[121.616,121.617,0],"ix":1},"s":{"a":0,"k":[100,100,100],"ix":6}},"ao":0,"shapes":[{"ty":"gr","it":[{"ind":0,"ty":"sh","ix":1,"ks":{"a":0,"k":{"i":[[33.565,0],[0,33.565],[-33.565,0],[0,-33.566]],"o":[[-33.565,0],[0,-33.566],[33.565,0],[0,33.565]],"v":[[0,60.775],[-60.775,0.001],[0,-60.775],[60.775,0.001]],"c":true},"ix":2},"nm":"Path 1","mn":"ADBE Vector Shape - Group","hd":false},{"ind":1,"ty":"sh","ix":2,"ks":{"a":0,"k":{"i":[[4.965,0],[0,0],[5.023,8.363],[0,0],[3.511,3.511],[0,0],[3.511,-3.512],[0,0],[9.715,2.425],[0,0],[4.966,0],[0,0],[0,-4.966],[0,0],[8.363,-5.025],[0,0],[3.512,-3.512],[0,0],[-3.511,-3.511],[0,0],[2.426,-9.716],[0,0],[0,-4.966],[0,0],[-4.965,0],[0,0],[-5.024,-8.364],[0,0],[-3.511,-3.51],[0,0],[-3.511,3.51],[0,0],[-9.715,-2.426],[0,0],[-4.965,0],[0,0],[0,4.965],[0,0],[-8.363,5.024],[0,0],[-3.511,3.51],[0,0],[3.511,3.511],[0,0],[-2.426,9.715],[0,0],[0,4.966],[0,0]],"o":[[0,0],[-2.426,-9.716],[0,0],[3.511,-3.511],[0,0],[-3.511,-3.512],[0,0],[-8.363,-5.025],[0,0],[0,-4.966],[0,0],[-4.965,0],[0,0],[-9.715,2.425],[0,0],[-3.511,-3.512],[0,0],[-3.511,3.511],[0,0],[-5.024,8.363],[0,0],[-4.965,0],[0,0],[0,4.966],[0,0],[2.426,9.715],[0,0],[-3.511,3.511],[0,0],[3.512,3.51],[0,0],[8.363,5.025],[0,0],[0,4.965],[0,0],[4.966,0],[0,0],[9.715,-2.426],[0,0],[3.511,3.51],[0,0],[3.511,-3.51],[0,0],[5.023,-8.364],[0,0],[4.965,0],[0,0],[0,-4.966]],"v":[[112.376,-24.395],[97.415,-24.395],[86.13,-51.63],[96.712,-62.211],[96.712,-74.926],[74.926,-96.711],[62.212,-96.711],[51.629,-86.13],[24.396,-97.414],[24.396,-112.375],[15.404,-121.367],[-15.405,-121.367],[-24.396,-112.375],[-24.396,-97.414],[-51.63,-86.13],[-62.212,-96.711],[-74.927,-96.711],[-96.712,-74.926],[-96.712,-62.211],[-86.13,-51.63],[-97.415,-24.395],[-112.376,-24.395],[-121.366,-15.404],[-121.366,15.405],[-112.376,24.396],[-97.415,24.396],[-86.13,51.63],[-96.712,62.212],[-96.712,74.926],[-74.927,96.713],[-62.212,96.713],[-51.63,86.13],[-24.396,97.416],[-24.396,112.376],[-15.405,121.367],[15.404,121.367],[24.396,112.376],[24.396,97.416],[51.629,86.13],[62.212,96.713],[74.926,96.713],[96.712,74.926],[96.712,62.212],[86.13,51.63],[97.415,24.396],[112.376,24.396],[121.366,15.405],[121.366,-15.404]],"c":true},"ix":2},"nm":"Path 2","mn":"ADBE Vector Shape - Group","hd":false},{"ty":"mm","mm":1,"nm":"Merge Paths 1","mn":"ADBE Vector Filter - Merge","hd":false},{"ty":"fl","c":{"a":0,"k":[0.219999994016,0.059000000299,0.560999971278,1],"ix":4},"o":{"a":0,"k":100,"ix":5},"r":1,"bm":0,"nm":"Fill 1","mn":"ADBE Vector Graphic - Fill","hd":false},{"ty":"tr","p":{"a":0,"k":[121.616,121.617],"ix":2},"a":{"a":0,"k":[0,0],"ix":1},"s":{"a":0,"k":[100,100],"ix":3},"r":{"a":0,"k":0,"ix":6},"o":{"a":0,"k":100,"ix":7},"sk":{"a":0,"k":0,"ix":4},"sa":{"a":0,"k":0,"ix":5},"nm":"Transform"}],"nm":"Group 1","np":4,"cix":2,"bm":0,"ix":1,"mn":"ADBE Vector Group","hd":false}],"ip":0,"op":300,"st":0,"bm":0},{"ddd":0,"ind":54,"ty":4,"nm":"Ground Shadow","sr":1,"ks":{"o":{"a":0,"k":100,"ix":11},"r":{"a":0,"k":0,"ix":10},"p":{"a":0,"k":[555.095,867.589,0],"ix":2},"a":{"a":0,"k":[248.178,35.507,0],"ix":1},"s":{"a":0,"k":[100,100,100],"ix":6}},"ao":0,"shapes":[{"ty":"gr","it":[{"ind":0,"ty":"sh","ix":1,"ks":{"a":0,"k":{"i":[[0,-19.472],[136.927,0],[0,19.472],[-136.926,0]],"o":[[0,19.472],[-136.926,0],[0,-19.472],[136.927,0]],"v":[[247.928,0.001],[-0.001,35.258],[-247.928,0.001],[-0.001,-35.258]],"c":true},"ix":2},"nm":"Path 1","mn":"ADBE Vector Shape - Group","hd":false},{"ty":"fl","c":{"a":0,"k":[0.219999994016,0.059000000299,0.560999971278,1],"ix":4},"o":{"a":0,"k":100,"ix":5},"r":1,"bm":0,"nm":"Fill 1","mn":"ADBE Vector Graphic - Fill","hd":false},{"ty":"tr","p":{"a":0,"k":[248.178,35.507],"ix":2},"a":{"a":0,"k":[0,0],"ix":1},"s":{"a":0,"k":[100,100],"ix":3},"r":{"a":0,"k":0,"ix":6},"o":{"a":0,"k":100,"ix":7},"sk":{"a":0,"k":0,"ix":4},"sa":{"a":0,"k":0,"ix":5},"nm":"Transform"}],"nm":"Group 1","np":2,"cix":2,"bm":0,"ix":1,"mn":"ADBE Vector Group","hd":false}],"ip":0,"op":300,"st":0,"bm":0}],"markers":[]}